-- ======================================================
-- 🚀 CENTLE CRM PRODUCTION SEED DATASET
-- Generated with mathematical cross-venture distributions
-- ======================================================

-- Disable foreign key constraint on profiles to allow dummy data insertion
ALTER TABLE public.profiles DROP CONSTRAINT IF EXISTS profiles_id_fkey;

-- Ensure required columns exist in the tasks table (fixes schema sync issues)
ALTER TABLE IF EXISTS tasks ADD COLUMN IF NOT EXISTS venture TEXT DEFAULT 'core';
ALTER TABLE IF EXISTS tasks ADD COLUMN IF NOT EXISTS lead_name TEXT;

-- Insert a default admin user for the Demo Auth
INSERT INTO profiles (id, full_name, email, role) VALUES
    ('11111111-1111-1111-1111-111111111111', 'Admin User', 'admin@saasum.in', 'admin'),
    ('22222222-2222-2222-2222-222222222222', 'Priya Sharma', 'manager@saasum.in', 'manager'),
    ('33333333-3333-3333-3333-333333333333', 'Arjun Mehta', 'rep@saasum.in', 'sales_rep'),
    ('44444444-4444-4444-4444-444444444444', 'Sneha Reddy', 'ambassador@saasum.in', 'ambassador')
ON CONFLICT DO NOTHING;

-- Ensure Pipeline Stages exist
INSERT INTO pipeline_stages (id, name, display_order, color, is_won_stage, is_lost_stage) VALUES
    ('00000000-0000-0000-0000-000000000001', 'Lead In', 1, '#60A5FA', false, false),
    ('00000000-0000-0000-0000-000000000002', 'Contact Made', 2, '#A78BFA', false, false),
    ('00000000-0000-0000-0000-000000000003', 'Meeting Set', 3, '#F472B6', false, false),
    ('00000000-0000-0000-0000-000000000004', 'Proposal Sent', 4, '#FBBF24', false, false),
    ('00000000-0000-0000-0000-000000000005', 'Negotiation', 5, '#FB923C', false, false),
    ('00000000-0000-0000-0000-000000000006', 'Closed Won', 6, '#4ADE80', true, false),
    ('00000000-0000-0000-0000-000000000007', 'Closed Lost', 7, '#F87171', false, true)
ON CONFLICT DO NOTHING;

-- 1. AMBASSADORS
INSERT INTO profiles (id, full_name, email, role) VALUES ('32af1390-cbc2-46ab-ad8c-5bc9eb07037f', 'Aditya Das', 'aditya.das@example.in', 'ambassador') ON CONFLICT DO NOTHING;
INSERT INTO profiles (id, full_name, email, role) VALUES ('7644c000-1cdc-40c6-baca-6c44ef96a7c0', 'Neha Kumar', 'neha.kumar@example.in', 'ambassador') ON CONFLICT DO NOTHING;
INSERT INTO profiles (id, full_name, email, role) VALUES ('852e9ab2-122f-4fd6-be81-f0d791f1014c', 'Vikram Desai', 'vikram.desai@example.in', 'ambassador') ON CONFLICT DO NOTHING;
INSERT INTO profiles (id, full_name, email, role) VALUES ('ee4f5024-897c-41d4-a225-3d6f0a6f2234', 'Vihaan Jain', 'vihaan.jain@example.in', 'ambassador') ON CONFLICT DO NOTHING;
INSERT INTO profiles (id, full_name, email, role) VALUES ('f89a6c8b-bcf9-4a6c-ae33-8447fb74e78d', 'Neha Yadav', 'neha.yadav@example.in', 'ambassador') ON CONFLICT DO NOTHING;
INSERT INTO profiles (id, full_name, email, role) VALUES ('24da588a-69ac-457a-a908-84787befa41f', 'Ishaan Yadav', 'ishaan.yadav@example.in', 'ambassador') ON CONFLICT DO NOTHING;
INSERT INTO profiles (id, full_name, email, role) VALUES ('f42a09cd-a270-4ead-b8c6-f99309c06864', 'Diya Gupta', 'diya.gupta@example.in', 'ambassador') ON CONFLICT DO NOTHING;
INSERT INTO profiles (id, full_name, email, role) VALUES ('598f4049-b0e6-4cbc-a5f9-2f5b8a707acf', 'Krishna Mehta', 'krishna.mehta@example.in', 'ambassador') ON CONFLICT DO NOTHING;
INSERT INTO referral_codes (id, ambassador_id, code, link_slug, total_clicks) VALUES ('7d286926-d86f-4704-988a-edb2abdd3dd8', '32af1390-cbc2-46ab-ad8c-5bc9eb07037f', 'ADITYA420', 'aditya420', 124);
INSERT INTO referral_codes (id, ambassador_id, code, link_slug, total_clicks) VALUES ('46805bc0-532e-46fc-ab40-0094a352c5eb', '7644c000-1cdc-40c6-baca-6c44ef96a7c0', 'NEHA701', 'neha701', 19);
INSERT INTO referral_codes (id, ambassador_id, code, link_slug, total_clicks) VALUES ('b7dc3ee4-4d18-4e26-a40b-4a2e4008a2e4', '852e9ab2-122f-4fd6-be81-f0d791f1014c', 'VIKRAM977', 'vikram977', 136);
INSERT INTO referral_codes (id, ambassador_id, code, link_slug, total_clicks) VALUES ('cd6e55bf-b1fa-4e01-ac0c-180af1003a78', 'ee4f5024-897c-41d4-a225-3d6f0a6f2234', 'VIHAAN273', 'vihaan273', 51);
INSERT INTO referral_codes (id, ambassador_id, code, link_slug, total_clicks) VALUES ('e0459f41-4a08-4c3a-9d2e-16e3e1383422', 'f89a6c8b-bcf9-4a6c-ae33-8447fb74e78d', 'NEHA433', 'neha433', 56);
INSERT INTO referral_codes (id, ambassador_id, code, link_slug, total_clicks) VALUES ('f33df9cd-a130-4964-a1dd-0df7f0a869ab', '24da588a-69ac-457a-a908-84787befa41f', 'ISHAAN953', 'ishaan953', 69);
INSERT INTO referral_codes (id, ambassador_id, code, link_slug, total_clicks) VALUES ('db0a9738-2545-4c15-8b54-ba1e44f4d284', 'f42a09cd-a270-4ead-b8c6-f99309c06864', 'DIYA323', 'diya323', 84);
INSERT INTO referral_codes (id, ambassador_id, code, link_slug, total_clicks) VALUES ('c6b2518c-4d79-4a40-8bb9-5014059273f7', '598f4049-b0e6-4cbc-a5f9-2f5b8a707acf', 'KRISHNA709', 'krishna709', 60);

-- 2. COMPANIES
INSERT INTO companies (id, name, industry, website, address, created_by, notes) VALUES ('22cbbdd6-0bb9-40f3-bf2c-3744a0f2060e', 'Tata Consultancy Services', 'Fintech', 'tata.in', 'Ahmedabad, India', '11111111-1111-1111-1111-111111111111', '{"venture":"maceco"}');
INSERT INTO companies (id, name, industry, website, address, created_by, notes) VALUES ('a09a32e9-e9ad-4f04-8496-482877fb2e9c', 'Reliance Industries', 'Consumer Goods', 'reliance.in', 'Hyderabad, India', '11111111-1111-1111-1111-111111111111', '{"venture":"skill_tank"}');
INSERT INTO companies (id, name, industry, website, address, created_by, notes) VALUES ('94045d5d-b76d-4746-95d9-9f61d64ce5e2', 'Infosys', 'Travel', 'infosys.in', 'Gurgaon, India', '11111111-1111-1111-1111-111111111111', '{"venture":"tobofu"}');
INSERT INTO companies (id, name, industry, website, address, created_by, notes) VALUES ('97f2dc0f-13b5-4fb9-9ccd-bfb74f95e8c5', 'Wipro', 'E-commerce', 'wipro.in', 'Ahmedabad, India', '11111111-1111-1111-1111-111111111111', '{"venture":"skill_tank"}');
INSERT INTO companies (id, name, industry, website, address, created_by, notes) VALUES ('a7139b07-a24f-4482-8248-b21768184258', 'HCLTech', 'Automotive', 'hcltech.in', 'Hyderabad, India', '11111111-1111-1111-1111-111111111111', '{"venture":"saasum"}');
INSERT INTO companies (id, name, industry, website, address, created_by, notes) VALUES ('0e033372-4ef6-4f6b-884c-97f4f1465ee8', 'Tech Mahindra', 'Logistics', 'tech.in', 'Hyderabad, India', '11111111-1111-1111-1111-111111111111', '{"venture":"saasum"}');
INSERT INTO companies (id, name, industry, website, address, created_by, notes) VALUES ('03bca463-3c00-4f85-a47b-67c5a52cf7bb', 'Zomato', 'EdTech', 'zomato.in', 'Pune, India', '11111111-1111-1111-1111-111111111111', '{"venture":"tobofu"}');
INSERT INTO companies (id, name, industry, website, address, created_by, notes) VALUES ('c0d5d890-ddce-4898-9c1d-d46652724f83', 'Swiggy', 'E-commerce', 'swiggy.in', 'Pune, India', '11111111-1111-1111-1111-111111111111', '{"venture":"tobofu"}');
INSERT INTO companies (id, name, industry, website, address, created_by, notes) VALUES ('f9c10409-510d-4a73-b43d-01b894ccdb02', 'Flipkart', 'Automotive', 'flipkart.in', 'Hyderabad, India', '11111111-1111-1111-1111-111111111111', '{"venture":"tobofu"}');
INSERT INTO companies (id, name, industry, website, address, created_by, notes) VALUES ('a8c4f235-40af-40ac-ab7e-4424282a0c84', 'Paytm', 'E-commerce', 'paytm.in', 'Mumbai, India', '11111111-1111-1111-1111-111111111111', '{"venture":"maceco"}');
INSERT INTO companies (id, name, industry, website, address, created_by, notes) VALUES ('1f2c23e3-d0bd-496e-b564-758ba5716e42', 'Zerodha', 'IT Services', 'zerodha.in', 'Delhi, India', '11111111-1111-1111-1111-111111111111', '{"venture":"maceco"}');
INSERT INTO companies (id, name, industry, website, address, created_by, notes) VALUES ('a3daf519-7006-427e-9945-544176ed15a1', 'Razorpay', 'Automotive', 'razorpay.in', 'Noida, India', '11111111-1111-1111-1111-111111111111', '{"venture":"vriddhi"}');
INSERT INTO companies (id, name, industry, website, address, created_by, notes) VALUES ('b8d01681-690a-4e3c-a3c3-a53519052010', 'CRED', 'Consumer Goods', 'cred.in', 'Bengaluru, India', '11111111-1111-1111-1111-111111111111', '{"venture":"promtal"}');
INSERT INTO companies (id, name, industry, website, address, created_by, notes) VALUES ('0f968366-4aa8-4a84-b95d-38fa51284d0c', 'Ola Cabs', 'Automotive', 'ola.in', 'Delhi, India', '11111111-1111-1111-1111-111111111111', '{"venture":"tobofu"}');
INSERT INTO companies (id, name, industry, website, address, created_by, notes) VALUES ('ea0bf167-5dea-4c38-ae9c-9cdbb14a1f02', 'Oyo Rooms', 'EdTech', 'oyo.in', 'Bengaluru, India', '11111111-1111-1111-1111-111111111111', '{"venture":"vriddhi"}');
INSERT INTO companies (id, name, industry, website, address, created_by, notes) VALUES ('ad00b728-57c3-4d47-acec-edb63685cfed', 'Lenskart', 'IT Services', 'lenskart.in', 'Delhi, India', '11111111-1111-1111-1111-111111111111', '{"venture":"saasum"}');
INSERT INTO companies (id, name, industry, website, address, created_by, notes) VALUES ('ab36bff5-b397-48a0-9c31-37e6b14a6133', 'Nykaa', 'Fintech', 'nykaa.in', 'Hyderabad, India', '11111111-1111-1111-1111-111111111111', '{"venture":"promtal"}');
INSERT INTO companies (id, name, industry, website, address, created_by, notes) VALUES ('7515e3b8-1e62-45ee-ac19-4106fd85d1a7', 'Urban Company', 'Fintech', 'urban.in', 'Ahmedabad, India', '11111111-1111-1111-1111-111111111111', '{"venture":"tobofu"}');
INSERT INTO companies (id, name, industry, website, address, created_by, notes) VALUES ('dc96c59f-189a-4e9b-993c-1857790a7f17', 'Delhivery', 'Consumer Goods', 'delhivery.in', 'Noida, India', '11111111-1111-1111-1111-111111111111', '{"venture":"saasum"}');
INSERT INTO companies (id, name, industry, website, address, created_by, notes) VALUES ('2bbaa23a-e152-4916-b594-f94ad1a7baa5', 'MakeMyTrip', 'Fintech', 'makemytrip.in', 'Ahmedabad, India', '11111111-1111-1111-1111-111111111111', '{"venture":"skill_tank"}');
INSERT INTO companies (id, name, industry, website, address, created_by, notes) VALUES ('de057c9a-ca9f-4173-b190-49e81fe448ad', 'PolicyBazaar', 'Fintech', 'policybazaar.in', 'Gurgaon, India', '11111111-1111-1111-1111-111111111111', '{"venture":"tobofu"}');
INSERT INTO companies (id, name, industry, website, address, created_by, notes) VALUES ('11281251-65b5-47a9-9554-cc9faa69fff0', 'Dream11', 'Automotive', 'dream11.in', 'Pune, India', '11111111-1111-1111-1111-111111111111', '{"venture":"promtal"}');
INSERT INTO companies (id, name, industry, website, address, created_by, notes) VALUES ('c25f143a-641a-4441-9c45-471a7eaa697c', 'Pine Labs', 'Logistics', 'pine.in', 'Mumbai, India', '11111111-1111-1111-1111-111111111111', '{"venture":"promtal"}');
INSERT INTO companies (id, name, industry, website, address, created_by, notes) VALUES ('d6a7b2d1-33bf-46c9-a61a-08dcf9ef0354', 'Udaan', 'Automotive', 'udaan.in', 'Gurgaon, India', '11111111-1111-1111-1111-111111111111', '{"venture":"tobofu"}');
INSERT INTO companies (id, name, industry, website, address, created_by, notes) VALUES ('d980fb27-5304-4d11-a2fd-2df242a8dfbb', 'ShareChat', 'Automotive', 'sharechat.in', 'Chennai, India', '11111111-1111-1111-1111-111111111111', '{"venture":"maceco"}');
INSERT INTO companies (id, name, industry, website, address, created_by, notes) VALUES ('2d448c03-7dc9-46a8-821e-6e84d978871c', 'Mahindra & Mahindra', 'Consumer Goods', 'mahindra.in', 'Bengaluru, India', '11111111-1111-1111-1111-111111111111', '{"venture":"vriddhi"}');
INSERT INTO companies (id, name, industry, website, address, created_by, notes) VALUES ('83226ae9-a43f-47db-9d46-c8ecbb5322df', 'Larsen & Toubro', 'E-commerce', 'larsen.in', 'Bengaluru, India', '11111111-1111-1111-1111-111111111111', '{"venture":"maceco"}');
INSERT INTO companies (id, name, industry, website, address, created_by, notes) VALUES ('f871cdb2-ec29-4008-adf8-46044d35d54c', 'Bajaj Auto', 'Travel', 'bajaj.in', 'Hyderabad, India', '11111111-1111-1111-1111-111111111111', '{"venture":"tobofu"}');
INSERT INTO companies (id, name, industry, website, address, created_by, notes) VALUES ('e7f2d6e3-f53e-4793-89e1-b331a3c92802', 'Hero MotoCorp', 'Logistics', 'hero.in', 'Delhi, India', '11111111-1111-1111-1111-111111111111', '{"venture":"promtal"}');
INSERT INTO companies (id, name, industry, website, address, created_by, notes) VALUES ('27411575-5e05-4a14-bb49-56597fba8770', 'Maruti Suzuki', 'Healthcare', 'maruti.in', 'Hyderabad, India', '11111111-1111-1111-1111-111111111111', '{"venture":"tobofu"}');
INSERT INTO companies (id, name, industry, website, address, created_by, notes) VALUES ('73550323-b997-4fcf-8290-4df0ada8075c', 'Sun Pharma', 'Automotive', 'sun.in', 'Delhi, India', '11111111-1111-1111-1111-111111111111', '{"venture":"saasum"}');
INSERT INTO companies (id, name, industry, website, address, created_by, notes) VALUES ('78c7c9d1-6e2e-4a81-bd1a-7362cafc73bc', 'Dr. Reddy''s Labs', 'Fintech', 'dr..in', 'Gurgaon, India', '11111111-1111-1111-1111-111111111111', '{"venture":"promtal"}');
INSERT INTO companies (id, name, industry, website, address, created_by, notes) VALUES ('8c98f09b-824b-4586-8fe1-ef320cf70856', 'Cipla', 'EdTech', 'cipla.in', 'Delhi, India', '11111111-1111-1111-1111-111111111111', '{"venture":"saasum"}');
INSERT INTO companies (id, name, industry, website, address, created_by, notes) VALUES ('29a15303-2bc8-494a-8cbc-952e9c5eb0b1', 'Biocon', 'Consumer Goods', 'biocon.in', 'Chennai, India', '11111111-1111-1111-1111-111111111111', '{"venture":"skill_tank"}');
INSERT INTO companies (id, name, industry, website, address, created_by, notes) VALUES ('76578de4-17ef-44aa-8c86-8a72bd8c12e4', 'Godrej Consumer Products', 'IT Services', 'godrej.in', 'Mumbai, India', '11111111-1111-1111-1111-111111111111', '{"venture":"vriddhi"}');

-- 3. CONTACTS
INSERT INTO contacts (id, first_name, last_name, email, phone, job_title, company_id, created_by) VALUES ('32c8acb3-7e90-42dd-adc6-5203bb247dd7', 'Kavya', 'Gupta', 'kavya@example.in', '+91 9931114252', 'VP Sales', 'f871cdb2-ec29-4008-adf8-46044d35d54c', '11111111-1111-1111-1111-111111111111');
INSERT INTO contacts (id, first_name, last_name, email, phone, job_title, company_id, created_by) VALUES ('692665d1-647d-4234-a7b2-c4c1b1b348c4', 'Ishaan', 'Yadav', 'ishaan@example.in', '+91 9173683151', 'Founder', '7515e3b8-1e62-45ee-ac19-4106fd85d1a7', '11111111-1111-1111-1111-111111111111');
INSERT INTO contacts (id, first_name, last_name, email, phone, job_title, company_id, created_by) VALUES ('1a6f4cc4-7256-4917-9dde-0c863071c132', 'Neha', 'Sharma', 'neha@example.in', '+91 9313189572', 'Operations Manager', 'a8c4f235-40af-40ac-ab7e-4424282a0c84', '11111111-1111-1111-1111-111111111111');
INSERT INTO contacts (id, first_name, last_name, email, phone, job_title, company_id, created_by) VALUES ('ee7be59f-ca8c-41d3-85d1-2925510f854e', 'Aarav', 'Yadav', 'aarav@example.in', '+91 9586627861', 'Marketing Director', 'c25f143a-641a-4441-9c45-471a7eaa697c', '11111111-1111-1111-1111-111111111111');
INSERT INTO contacts (id, first_name, last_name, email, phone, job_title, company_id, created_by) VALUES ('9425de75-b4be-470b-9d4b-caa65f44b0d4', 'Aanya', 'Patel', 'aanya@example.in', '+91 9753287525', 'Marketing Director', '78c7c9d1-6e2e-4a81-bd1a-7362cafc73bc', '11111111-1111-1111-1111-111111111111');
INSERT INTO contacts (id, first_name, last_name, email, phone, job_title, company_id, created_by) VALUES ('772badbb-7b0d-499b-904a-51d0185d96a9', 'Kavya', 'Desai', 'kavya@example.in', '+91 9794032058', 'CEO', '0f968366-4aa8-4a84-b95d-38fa51284d0c', '11111111-1111-1111-1111-111111111111');
INSERT INTO contacts (id, first_name, last_name, email, phone, job_title, company_id, created_by) VALUES ('79392c32-c332-4260-bd3c-646725ef5ab4', 'Diya', 'Bose', 'diya@example.in', '+91 9265331265', 'Marketing Director', '0f968366-4aa8-4a84-b95d-38fa51284d0c', '11111111-1111-1111-1111-111111111111');
INSERT INTO contacts (id, first_name, last_name, email, phone, job_title, company_id, created_by) VALUES ('1be04e9a-79f4-4bd9-85f2-574857ed4d8a', 'Aditya', 'Kumar', 'aditya@example.in', '+91 9689254277', 'Founder', 'dc96c59f-189a-4e9b-993c-1857790a7f17', '11111111-1111-1111-1111-111111111111');
INSERT INTO contacts (id, first_name, last_name, email, phone, job_title, company_id, created_by) VALUES ('49c6e697-72d2-4256-94e5-373b7c0dadf9', 'Aditya', 'Pillai', 'aditya@example.in', '+91 9790023318', 'Marketing Director', '76578de4-17ef-44aa-8c86-8a72bd8c12e4', '11111111-1111-1111-1111-111111111111');
INSERT INTO contacts (id, first_name, last_name, email, phone, job_title, company_id, created_by) VALUES ('ef6f1c50-1fbf-429c-a00d-55a88127d651', 'Vihaan', 'Menon', 'vihaan@example.in', '+91 9867965553', 'Operations Manager', 'd980fb27-5304-4d11-a2fd-2df242a8dfbb', '11111111-1111-1111-1111-111111111111');
INSERT INTO contacts (id, first_name, last_name, email, phone, job_title, company_id, created_by) VALUES ('da609d51-c223-460a-add9-260e8cf61a13', 'Pooja', 'Reddy', 'pooja@example.in', '+91 9743302810', 'CEO', '0f968366-4aa8-4a84-b95d-38fa51284d0c', '11111111-1111-1111-1111-111111111111');
INSERT INTO contacts (id, first_name, last_name, email, phone, job_title, company_id, created_by) VALUES ('937dfe98-1a62-4d90-b99e-de96ef0fc10c', 'Vikram', 'Rao', 'vikram@example.in', '+91 9907529537', 'HR Head', 'c25f143a-641a-4441-9c45-471a7eaa697c', '11111111-1111-1111-1111-111111111111');
INSERT INTO contacts (id, first_name, last_name, email, phone, job_title, company_id, created_by) VALUES ('766987a7-9e94-4869-aebd-de715d4c225b', 'Diya', 'Nair', 'diya@example.in', '+91 9311412923', 'Operations Manager', 'e7f2d6e3-f53e-4793-89e1-b331a3c92802', '11111111-1111-1111-1111-111111111111');
INSERT INTO contacts (id, first_name, last_name, email, phone, job_title, company_id, created_by) VALUES ('77dae21c-b0cd-448a-8acb-f06b50d7d788', 'Krishna', 'Mukherjee', 'krishna@example.in', '+91 9986715675', 'CEO', '78c7c9d1-6e2e-4a81-bd1a-7362cafc73bc', '11111111-1111-1111-1111-111111111111');
INSERT INTO contacts (id, first_name, last_name, email, phone, job_title, company_id, created_by) VALUES ('6e0868e2-04a6-4481-9910-19ba4e5786fd', 'Rahul', 'Menon', 'rahul@example.in', '+91 9117891514', 'Operations Manager', 'd980fb27-5304-4d11-a2fd-2df242a8dfbb', '11111111-1111-1111-1111-111111111111');
INSERT INTO contacts (id, first_name, last_name, email, phone, job_title, company_id, created_by) VALUES ('c6d2f424-c24b-4842-b1f9-fb5c93c73325', 'Aarav', 'Bose', 'aarav@example.in', '+91 9868457230', 'Founder', '11281251-65b5-47a9-9554-cc9faa69fff0', '11111111-1111-1111-1111-111111111111');
INSERT INTO contacts (id, first_name, last_name, email, phone, job_title, company_id, created_by) VALUES ('b02dd787-2f42-433f-af7e-6786f08cf46d', 'Arjun', 'Mehta', 'arjun@example.in', '+91 9241956065', 'Founder', '11281251-65b5-47a9-9554-cc9faa69fff0', '11111111-1111-1111-1111-111111111111');
INSERT INTO contacts (id, first_name, last_name, email, phone, job_title, company_id, created_by) VALUES ('79534645-0c81-459a-a23c-cdf548528c51', 'Sneha', 'Jain', 'sneha@example.in', '+91 9558190391', 'VP Sales', '22cbbdd6-0bb9-40f3-bf2c-3744a0f2060e', '11111111-1111-1111-1111-111111111111');
INSERT INTO contacts (id, first_name, last_name, email, phone, job_title, company_id, created_by) VALUES ('83499492-3913-4765-ba71-b2e7289e9ebf', 'Reyaansh', 'Mukherjee', 'reyaansh@example.in', '+91 9415899282', 'Founder', '0e033372-4ef6-4f6b-884c-97f4f1465ee8', '11111111-1111-1111-1111-111111111111');
INSERT INTO contacts (id, first_name, last_name, email, phone, job_title, company_id, created_by) VALUES ('dc3caa54-0660-4abd-9827-188834818bbc', 'Aanya', 'Kumar', 'aanya@example.in', '+91 9376545530', 'Founder', '2d448c03-7dc9-46a8-821e-6e84d978871c', '11111111-1111-1111-1111-111111111111');
INSERT INTO contacts (id, first_name, last_name, email, phone, job_title, company_id, created_by) VALUES ('976427f7-5410-4bbc-a90b-0051813cb7ae', 'Isha', 'Singh', 'isha@example.in', '+91 9992677104', 'CTO', 'ad00b728-57c3-4d47-acec-edb63685cfed', '11111111-1111-1111-1111-111111111111');
INSERT INTO contacts (id, first_name, last_name, email, phone, job_title, company_id, created_by) VALUES ('6abce4fc-3708-4845-9faa-141e71c3391e', 'Anjali', 'Desai', 'anjali@example.in', '+91 9747418551', 'Marketing Director', 'c25f143a-641a-4441-9c45-471a7eaa697c', '11111111-1111-1111-1111-111111111111');
INSERT INTO contacts (id, first_name, last_name, email, phone, job_title, company_id, created_by) VALUES ('49fa8873-440b-4d84-98fb-1b4a41ce45f4', 'Anjali', 'Sharma', 'anjali@example.in', '+91 9480635012', 'CTO', 'a7139b07-a24f-4482-8248-b21768184258', '11111111-1111-1111-1111-111111111111');
INSERT INTO contacts (id, first_name, last_name, email, phone, job_title, company_id, created_by) VALUES ('88bdd164-1ca5-48a0-a250-fde7a12d1d8c', 'Vivaan', 'Pillai', 'vivaan@example.in', '+91 9806665105', 'Founder', '83226ae9-a43f-47db-9d46-c8ecbb5322df', '11111111-1111-1111-1111-111111111111');
INSERT INTO contacts (id, first_name, last_name, email, phone, job_title, company_id, created_by) VALUES ('b93f6cf0-9e54-4fb7-b7bb-eb9d7a3d0867', 'Vihaan', 'Bose', 'vihaan@example.in', '+91 9423885365', 'Operations Manager', '2bbaa23a-e152-4916-b594-f94ad1a7baa5', '11111111-1111-1111-1111-111111111111');
INSERT INTO contacts (id, first_name, last_name, email, phone, job_title, company_id, created_by) VALUES ('1a9ab6af-4a47-4b55-ac59-547db0b8a7bf', 'Pooja', 'Kumar', 'pooja@example.in', '+91 9480370071', 'Product Manager', '2bbaa23a-e152-4916-b594-f94ad1a7baa5', '11111111-1111-1111-1111-111111111111');
INSERT INTO contacts (id, first_name, last_name, email, phone, job_title, company_id, created_by) VALUES ('70263112-d1ea-47ba-aa70-5b3075e81dc5', 'Krishna', 'Rao', 'krishna@example.in', '+91 9542510997', 'HR Head', '7515e3b8-1e62-45ee-ac19-4106fd85d1a7', '11111111-1111-1111-1111-111111111111');
INSERT INTO contacts (id, first_name, last_name, email, phone, job_title, company_id, created_by) VALUES ('c9cc6f01-8d96-43ac-8c85-437dd239d635', 'Aanya', 'Mukherjee', 'aanya@example.in', '+91 9649704041', 'Operations Manager', '03bca463-3c00-4f85-a47b-67c5a52cf7bb', '11111111-1111-1111-1111-111111111111');
INSERT INTO contacts (id, first_name, last_name, email, phone, job_title, company_id, created_by) VALUES ('884b5a4d-8d2d-4d7c-a7c7-9dd6d88b6f45', 'Pooja', 'Desai', 'pooja@example.in', '+91 9326500694', 'Product Manager', '27411575-5e05-4a14-bb49-56597fba8770', '11111111-1111-1111-1111-111111111111');
INSERT INTO contacts (id, first_name, last_name, email, phone, job_title, company_id, created_by) VALUES ('9fd8c203-a22d-4b40-b8ec-a1bc57a8f5bd', 'Arjun', 'Patel', 'arjun@example.in', '+91 9386376797', 'Product Manager', '2bbaa23a-e152-4916-b594-f94ad1a7baa5', '11111111-1111-1111-1111-111111111111');

-- 4. LEADS
INSERT INTO leads (id, title, source, company_id, stage_id, assigned_to, estimated_value, priority, custom_fields, referral_code_id, venture) VALUES ('0398205f-8ce7-4645-9243-aeb877849e77', 'Delhivery - Skill_tank Consulting', 'organic', 'dc96c59f-189a-4e9b-993c-1857790a7f17', '00000000-0000-0000-0000-000000000004', '11111111-1111-1111-1111-111111111111', 2959069, 2, '{"venture":"skill_tank"}'::jsonb, NULL, 'skill_tank');
INSERT INTO leads (id, title, source, company_id, stage_id, assigned_to, estimated_value, priority, custom_fields, referral_code_id, venture) VALUES ('c885f361-f639-47e6-8c2e-f2f45e557620', 'Oyo Rooms - Tobofu Audit', 'ads', 'ea0bf167-5dea-4c38-ae9c-9cdbb14a1f02', '00000000-0000-0000-0000-000000000001', '11111111-1111-1111-1111-111111111111', 1643923, 3, '{"venture":"tobofu"}'::jsonb, NULL, 'tobofu');
INSERT INTO leads (id, title, source, company_id, stage_id, assigned_to, estimated_value, priority, custom_fields, referral_code_id, venture) VALUES ('88e4ced7-3433-4989-a302-e6649aa9ad41', 'Tech Mahindra - Vriddhi Audit', 'event', '0e033372-4ef6-4f6b-884c-97f4f1465ee8', '00000000-0000-0000-0000-000000000003', '11111111-1111-1111-1111-111111111111', 1579414, 4, '{"venture":"vriddhi"}'::jsonb, NULL, 'vriddhi');
INSERT INTO leads (id, title, source, company_id, stage_id, assigned_to, estimated_value, priority, custom_fields, referral_code_id, venture) VALUES ('798efe2b-14d6-4c6d-9fb2-075279ee7ecc', 'Tech Mahindra - Maceco Consulting', 'organic', '0e033372-4ef6-4f6b-884c-97f4f1465ee8', '00000000-0000-0000-0000-000000000005', '11111111-1111-1111-1111-111111111111', 184108, 1, '{"venture":"maceco"}'::jsonb, NULL, 'maceco');
INSERT INTO leads (id, title, source, company_id, stage_id, assigned_to, estimated_value, priority, custom_fields, referral_code_id, venture) VALUES ('fd8f2834-7c58-4e4f-970b-7a19caead0d4', 'Hero MotoCorp - Maceco Integration', 'organic', 'e7f2d6e3-f53e-4793-89e1-b331a3c92802', '00000000-0000-0000-0000-000000000003', '11111111-1111-1111-1111-111111111111', 4816422, 3, '{"venture":"maceco"}'::jsonb, NULL, 'maceco');
INSERT INTO leads (id, title, source, company_id, stage_id, assigned_to, estimated_value, priority, custom_fields, referral_code_id, venture) VALUES ('40f11fd9-c841-494f-9d65-03d078b09b41', 'Cipla - Tobofu Optimization', 'ads', '8c98f09b-824b-4586-8fe1-ef320cf70856', '00000000-0000-0000-0000-000000000001', '11111111-1111-1111-1111-111111111111', 438057, 1, '{"venture":"tobofu"}'::jsonb, NULL, 'tobofu');
INSERT INTO leads (id, title, source, company_id, stage_id, assigned_to, estimated_value, priority, custom_fields, referral_code_id, venture) VALUES ('28cf79a9-648b-4e5d-9a22-be6e61fb3a58', 'Reliance Industries - Skill_tank Audit', 'ads', 'a09a32e9-e9ad-4f04-8496-482877fb2e9c', '00000000-0000-0000-0000-000000000002', '11111111-1111-1111-1111-111111111111', 422828, 2, '{"venture":"skill_tank"}'::jsonb, NULL, 'skill_tank');
INSERT INTO leads (id, title, source, company_id, stage_id, assigned_to, estimated_value, priority, custom_fields, referral_code_id, venture) VALUES ('9d1de007-00b7-40be-9da8-43d5a97fe977', 'Reliance Industries - Promtal Deployment', 'event', 'a09a32e9-e9ad-4f04-8496-482877fb2e9c', '00000000-0000-0000-0000-000000000001', '11111111-1111-1111-1111-111111111111', 743412, 3, '{"venture":"promtal"}'::jsonb, NULL, 'promtal');
INSERT INTO leads (id, title, source, company_id, stage_id, assigned_to, estimated_value, priority, custom_fields, referral_code_id, venture) VALUES ('b4f07e43-b328-473f-ba9c-0bd4bd4cd297', 'Oyo Rooms - Vriddhi Integration', 'event', 'ea0bf167-5dea-4c38-ae9c-9cdbb14a1f02', '00000000-0000-0000-0000-000000000005', '11111111-1111-1111-1111-111111111111', 4507386, 2, '{"venture":"vriddhi"}'::jsonb, NULL, 'vriddhi');
INSERT INTO leads (id, title, source, company_id, stage_id, assigned_to, estimated_value, priority, custom_fields, referral_code_id, venture) VALUES ('8c557f45-d565-4b22-a7fa-30594e83122f', 'Biocon - Vriddhi Integration', 'cold_call', '29a15303-2bc8-494a-8cbc-952e9c5eb0b1', '00000000-0000-0000-0000-000000000005', '11111111-1111-1111-1111-111111111111', 3063676, 1, '{"venture":"vriddhi"}'::jsonb, NULL, 'vriddhi');
INSERT INTO leads (id, title, source, company_id, stage_id, assigned_to, estimated_value, priority, custom_fields, referral_code_id, venture) VALUES ('b7f7c2d6-4b67-43f8-8802-ce6ab4272a0f', 'CRED - Skill_tank Deployment', 'event', 'b8d01681-690a-4e3c-a3c3-a53519052010', '00000000-0000-0000-0000-000000000007', '11111111-1111-1111-1111-111111111111', 2080304, 4, '{"venture":"skill_tank"}'::jsonb, NULL, 'skill_tank');
INSERT INTO leads (id, title, source, company_id, stage_id, assigned_to, estimated_value, priority, custom_fields, referral_code_id, venture) VALUES ('a5346f6b-397a-4dff-bf0a-497219283787', 'Biocon - Promtal Implementation', 'referral', '29a15303-2bc8-494a-8cbc-952e9c5eb0b1', '00000000-0000-0000-0000-000000000006', '11111111-1111-1111-1111-111111111111', 2734796, 4, '{"venture":"promtal"}'::jsonb, 'db0a9738-2545-4c15-8b54-ba1e44f4d284', 'promtal');
INSERT INTO leads (id, title, source, company_id, stage_id, assigned_to, estimated_value, priority, custom_fields, referral_code_id, venture) VALUES ('a62d6da3-108f-4600-b0bc-920eba756713', 'PolicyBazaar - Vriddhi Deployment', 'cold_call', 'de057c9a-ca9f-4173-b190-49e81fe448ad', '00000000-0000-0000-0000-000000000006', '11111111-1111-1111-1111-111111111111', 2515323, 3, '{"venture":"vriddhi"}'::jsonb, NULL, 'vriddhi');
INSERT INTO leads (id, title, source, company_id, stage_id, assigned_to, estimated_value, priority, custom_fields, referral_code_id, venture) VALUES ('2adcce47-bb56-406e-9d40-4923dbb34a50', 'Larsen & Toubro - Vriddhi Optimization', 'organic', '83226ae9-a43f-47db-9d46-c8ecbb5322df', '00000000-0000-0000-0000-000000000005', '11111111-1111-1111-1111-111111111111', 1400579, 1, '{"venture":"vriddhi"}'::jsonb, NULL, 'vriddhi');
INSERT INTO leads (id, title, source, company_id, stage_id, assigned_to, estimated_value, priority, custom_fields, referral_code_id, venture) VALUES ('332ebc9c-bf7c-441d-87bc-eb3b6aa48129', 'Wipro - Saasum Consulting', 'organic', '97f2dc0f-13b5-4fb9-9ccd-bfb74f95e8c5', '00000000-0000-0000-0000-000000000002', '11111111-1111-1111-1111-111111111111', 706731, 1, '{"venture":"saasum"}'::jsonb, NULL, 'saasum');
INSERT INTO leads (id, title, source, company_id, stage_id, assigned_to, estimated_value, priority, custom_fields, referral_code_id, venture) VALUES ('0c28da64-fb31-4a5a-8657-39089b90cbcf', 'CRED - Skill_tank Upgrade', 'ads', 'b8d01681-690a-4e3c-a3c3-a53519052010', '00000000-0000-0000-0000-000000000001', '11111111-1111-1111-1111-111111111111', 2275138, 3, '{"venture":"skill_tank"}'::jsonb, NULL, 'skill_tank');
INSERT INTO leads (id, title, source, company_id, stage_id, assigned_to, estimated_value, priority, custom_fields, referral_code_id, venture) VALUES ('6d461a2e-df30-45c0-a8a5-c33605d435d6', 'HCLTech - Saasum Audit', 'cold_call', 'a7139b07-a24f-4482-8248-b21768184258', '00000000-0000-0000-0000-000000000005', '11111111-1111-1111-1111-111111111111', 2801784, 1, '{"venture":"saasum"}'::jsonb, NULL, 'saasum');
INSERT INTO leads (id, title, source, company_id, stage_id, assigned_to, estimated_value, priority, custom_fields, referral_code_id, venture) VALUES ('ed80a92a-70cf-4896-b24a-4acb11a42b10', 'Dr. Reddy''s Labs - Vriddhi Migration', 'organic', '78c7c9d1-6e2e-4a81-bd1a-7362cafc73bc', '00000000-0000-0000-0000-000000000002', '11111111-1111-1111-1111-111111111111', 2087791, 1, '{"venture":"vriddhi"}'::jsonb, NULL, 'vriddhi');
INSERT INTO leads (id, title, source, company_id, stage_id, assigned_to, estimated_value, priority, custom_fields, referral_code_id, venture) VALUES ('2f2b3d54-3720-40a6-b02d-31df32fbda63', 'Urban Company - Saasum Audit', 'organic', '7515e3b8-1e62-45ee-ac19-4106fd85d1a7', '00000000-0000-0000-0000-000000000005', '11111111-1111-1111-1111-111111111111', 2853801, 3, '{"venture":"saasum"}'::jsonb, NULL, 'saasum');
INSERT INTO leads (id, title, source, company_id, stage_id, assigned_to, estimated_value, priority, custom_fields, referral_code_id, venture) VALUES ('7c42d825-344c-4a0e-b752-3552bbe099d1', 'HCLTech - Promtal Deployment', 'ads', 'a7139b07-a24f-4482-8248-b21768184258', '00000000-0000-0000-0000-000000000003', '11111111-1111-1111-1111-111111111111', 4642236, 3, '{"venture":"promtal"}'::jsonb, NULL, 'promtal');
INSERT INTO leads (id, title, source, company_id, stage_id, assigned_to, estimated_value, priority, custom_fields, referral_code_id, venture) VALUES ('30bdb3b1-83a6-4d27-9e7f-f5524039e06c', 'Nykaa - Tobofu Optimization', 'ads', 'ab36bff5-b397-48a0-9c31-37e6b14a6133', '00000000-0000-0000-0000-000000000001', '11111111-1111-1111-1111-111111111111', 2005623, 2, '{"venture":"tobofu"}'::jsonb, NULL, 'tobofu');
INSERT INTO leads (id, title, source, company_id, stage_id, assigned_to, estimated_value, priority, custom_fields, referral_code_id, venture) VALUES ('01f0d5f8-b600-4b37-a339-976a7af3092d', 'Infosys - Tobofu Consulting', 'organic', '94045d5d-b76d-4746-95d9-9f61d64ce5e2', '00000000-0000-0000-0000-000000000002', '11111111-1111-1111-1111-111111111111', 1817662, 4, '{"venture":"tobofu"}'::jsonb, NULL, 'tobofu');
INSERT INTO leads (id, title, source, company_id, stage_id, assigned_to, estimated_value, priority, custom_fields, referral_code_id, venture) VALUES ('ff2a87d4-c5bb-49eb-b0a0-bf84c3cdf9a3', 'Urban Company - Promtal Optimization', 'organic', '7515e3b8-1e62-45ee-ac19-4106fd85d1a7', '00000000-0000-0000-0000-000000000002', '11111111-1111-1111-1111-111111111111', 2943896, 2, '{"venture":"promtal"}'::jsonb, NULL, 'promtal');
INSERT INTO leads (id, title, source, company_id, stage_id, assigned_to, estimated_value, priority, custom_fields, referral_code_id, venture) VALUES ('1612c4b0-07a7-4e26-87d9-376820e742b6', 'Wipro - Tobofu Upgrade', 'referral', '97f2dc0f-13b5-4fb9-9ccd-bfb74f95e8c5', '00000000-0000-0000-0000-000000000006', '11111111-1111-1111-1111-111111111111', 205722, 3, '{"venture":"tobofu"}'::jsonb, 'c6b2518c-4d79-4a40-8bb9-5014059273f7', 'tobofu');
INSERT INTO leads (id, title, source, company_id, stage_id, assigned_to, estimated_value, priority, custom_fields, referral_code_id, venture) VALUES ('0f216b07-866c-4605-8291-dfe813a7429c', 'Tata Consultancy Services - Vriddhi Implementation', 'referral', '22cbbdd6-0bb9-40f3-bf2c-3744a0f2060e', '00000000-0000-0000-0000-000000000006', '11111111-1111-1111-1111-111111111111', 3571714, 2, '{"venture":"vriddhi"}'::jsonb, 'c6b2518c-4d79-4a40-8bb9-5014059273f7', 'vriddhi');
INSERT INTO leads (id, title, source, company_id, stage_id, assigned_to, estimated_value, priority, custom_fields, referral_code_id, venture) VALUES ('70062997-7f34-43c5-81ff-b634c552066b', 'Urban Company - Promtal Optimization', 'event', '7515e3b8-1e62-45ee-ac19-4106fd85d1a7', '00000000-0000-0000-0000-000000000005', '11111111-1111-1111-1111-111111111111', 4823257, 2, '{"venture":"promtal"}'::jsonb, NULL, 'promtal');
INSERT INTO leads (id, title, source, company_id, stage_id, assigned_to, estimated_value, priority, custom_fields, referral_code_id, venture) VALUES ('80e40bc8-4bdc-4cbc-8f08-a7961039f08b', 'Paytm - Maceco Integration', 'event', 'a8c4f235-40af-40ac-ab7e-4424282a0c84', '00000000-0000-0000-0000-000000000006', '11111111-1111-1111-1111-111111111111', 550636, 1, '{"venture":"maceco"}'::jsonb, NULL, 'maceco');
INSERT INTO leads (id, title, source, company_id, stage_id, assigned_to, estimated_value, priority, custom_fields, referral_code_id, venture) VALUES ('ba8da9b6-8bb5-40a0-8a10-33483cfcb4e5', 'Zerodha - Saasum Upgrade', 'cold_call', '1f2c23e3-d0bd-496e-b564-758ba5716e42', '00000000-0000-0000-0000-000000000003', '11111111-1111-1111-1111-111111111111', 4854691, 3, '{"venture":"saasum"}'::jsonb, NULL, 'saasum');
INSERT INTO leads (id, title, source, company_id, stage_id, assigned_to, estimated_value, priority, custom_fields, referral_code_id, venture) VALUES ('9fc95df8-b33c-4eef-a0e3-280583eee932', 'Zerodha - Maceco Implementation', 'referral', '1f2c23e3-d0bd-496e-b564-758ba5716e42', '00000000-0000-0000-0000-000000000001', '11111111-1111-1111-1111-111111111111', 4432364, 3, '{"venture":"maceco"}'::jsonb, '7d286926-d86f-4704-988a-edb2abdd3dd8', 'maceco');
INSERT INTO leads (id, title, source, company_id, stage_id, assigned_to, estimated_value, priority, custom_fields, referral_code_id, venture) VALUES ('5bb2bfcf-ded3-4e3d-a30a-8d7e4b576918', 'Dream11 - Skill_tank Implementation', 'cold_call', '11281251-65b5-47a9-9554-cc9faa69fff0', '00000000-0000-0000-0000-000000000004', '11111111-1111-1111-1111-111111111111', 1471050, 3, '{"venture":"skill_tank"}'::jsonb, NULL, 'skill_tank');
INSERT INTO leads (id, title, source, company_id, stage_id, assigned_to, estimated_value, priority, custom_fields, referral_code_id, venture) VALUES ('8a549722-bee3-45b1-a7ea-4defa8e95495', 'MakeMyTrip - Saasum Upgrade', 'referral', '2bbaa23a-e152-4916-b594-f94ad1a7baa5', '00000000-0000-0000-0000-000000000006', '11111111-1111-1111-1111-111111111111', 4035669, 4, '{"venture":"saasum"}'::jsonb, '46805bc0-532e-46fc-ab40-0094a352c5eb', 'saasum');
INSERT INTO leads (id, title, source, company_id, stage_id, assigned_to, estimated_value, priority, custom_fields, referral_code_id, venture) VALUES ('2c3d7164-bb5c-4de4-88f7-87a856fae8ee', 'Dream11 - Tobofu Optimization', 'organic', '11281251-65b5-47a9-9554-cc9faa69fff0', '00000000-0000-0000-0000-000000000003', '11111111-1111-1111-1111-111111111111', 3115168, 1, '{"venture":"tobofu"}'::jsonb, NULL, 'tobofu');
INSERT INTO leads (id, title, source, company_id, stage_id, assigned_to, estimated_value, priority, custom_fields, referral_code_id, venture) VALUES ('fad395ca-8a54-4fd2-9165-54216fdb5fdb', 'Godrej Consumer Products - Tobofu Implementation', 'event', '76578de4-17ef-44aa-8c86-8a72bd8c12e4', '00000000-0000-0000-0000-000000000003', '11111111-1111-1111-1111-111111111111', 191173, 2, '{"venture":"tobofu"}'::jsonb, NULL, 'tobofu');
INSERT INTO leads (id, title, source, company_id, stage_id, assigned_to, estimated_value, priority, custom_fields, referral_code_id, venture) VALUES ('0937e151-1e28-4a25-afc8-2abbd6551593', 'Flipkart - Tobofu Audit', 'organic', 'f9c10409-510d-4a73-b43d-01b894ccdb02', '00000000-0000-0000-0000-000000000006', '11111111-1111-1111-1111-111111111111', 1843727, 3, '{"venture":"tobofu"}'::jsonb, NULL, 'tobofu');
INSERT INTO leads (id, title, source, company_id, stage_id, assigned_to, estimated_value, priority, custom_fields, referral_code_id, venture) VALUES ('58fb59b5-3085-4415-b1a5-eeb0bd0be036', 'Dream11 - Skill_tank Implementation', 'cold_call', '11281251-65b5-47a9-9554-cc9faa69fff0', '00000000-0000-0000-0000-000000000007', '11111111-1111-1111-1111-111111111111', 200413, 3, '{"venture":"skill_tank"}'::jsonb, NULL, 'skill_tank');
INSERT INTO leads (id, title, source, company_id, stage_id, assigned_to, estimated_value, priority, custom_fields, referral_code_id, venture) VALUES ('4a1703bc-2f70-461c-b016-087cbfd63c6b', 'Sun Pharma - Promtal Upgrade', 'cold_call', '73550323-b997-4fcf-8290-4df0ada8075c', '00000000-0000-0000-0000-000000000003', '11111111-1111-1111-1111-111111111111', 3346379, 2, '{"venture":"promtal"}'::jsonb, NULL, 'promtal');
INSERT INTO leads (id, title, source, company_id, stage_id, assigned_to, estimated_value, priority, custom_fields, referral_code_id, venture) VALUES ('74146e01-e257-4b0b-a3fa-645ceef7107e', 'Biocon - Vriddhi Optimization', 'referral', '29a15303-2bc8-494a-8cbc-952e9c5eb0b1', '00000000-0000-0000-0000-000000000006', '11111111-1111-1111-1111-111111111111', 4791751, 3, '{"venture":"vriddhi"}'::jsonb, 'db0a9738-2545-4c15-8b54-ba1e44f4d284', 'vriddhi');
INSERT INTO leads (id, title, source, company_id, stage_id, assigned_to, estimated_value, priority, custom_fields, referral_code_id, venture) VALUES ('32c13759-360c-4ab9-b7a1-f3a4d57a750e', 'Flipkart - Maceco Integration', 'event', 'f9c10409-510d-4a73-b43d-01b894ccdb02', '00000000-0000-0000-0000-000000000005', '11111111-1111-1111-1111-111111111111', 1454357, 1, '{"venture":"maceco"}'::jsonb, NULL, 'maceco');
INSERT INTO leads (id, title, source, company_id, stage_id, assigned_to, estimated_value, priority, custom_fields, referral_code_id, venture) VALUES ('edce20ff-2a25-416d-b212-52b06705b210', 'Zomato - Saasum Consulting', 'organic', '03bca463-3c00-4f85-a47b-67c5a52cf7bb', '00000000-0000-0000-0000-000000000002', '11111111-1111-1111-1111-111111111111', 4040159, 2, '{"venture":"saasum"}'::jsonb, NULL, 'saasum');
INSERT INTO leads (id, title, source, company_id, stage_id, assigned_to, estimated_value, priority, custom_fields, referral_code_id, venture) VALUES ('9e8fd6e3-5b27-4622-b301-40778c0d9ab9', 'CRED - Saasum Migration', 'event', 'b8d01681-690a-4e3c-a3c3-a53519052010', '00000000-0000-0000-0000-000000000001', '11111111-1111-1111-1111-111111111111', 3766768, 4, '{"venture":"saasum"}'::jsonb, NULL, 'saasum');
INSERT INTO leads (id, title, source, company_id, stage_id, assigned_to, estimated_value, priority, custom_fields, referral_code_id, venture) VALUES ('a046ec82-e48d-43f2-b229-aa03aaf7e344', 'Hero MotoCorp - Tobofu Deployment', 'ads', 'e7f2d6e3-f53e-4793-89e1-b331a3c92802', '00000000-0000-0000-0000-000000000001', '11111111-1111-1111-1111-111111111111', 3872854, 2, '{"venture":"tobofu"}'::jsonb, NULL, 'tobofu');
INSERT INTO leads (id, title, source, company_id, stage_id, assigned_to, estimated_value, priority, custom_fields, referral_code_id, venture) VALUES ('e78ed112-7c63-4d1d-af5f-74b3e8ceff90', 'Dr. Reddy''s Labs - Vriddhi Integration', 'referral', '78c7c9d1-6e2e-4a81-bd1a-7362cafc73bc', '00000000-0000-0000-0000-000000000007', '11111111-1111-1111-1111-111111111111', 4867707, 3, '{"venture":"vriddhi"}'::jsonb, 'e0459f41-4a08-4c3a-9d2e-16e3e1383422', 'vriddhi');
INSERT INTO leads (id, title, source, company_id, stage_id, assigned_to, estimated_value, priority, custom_fields, referral_code_id, venture) VALUES ('804b4ff7-6a1c-4c7e-ac24-2a53ccca29be', 'Lenskart - Tobofu Integration', 'cold_call', 'ad00b728-57c3-4d47-acec-edb63685cfed', '00000000-0000-0000-0000-000000000001', '11111111-1111-1111-1111-111111111111', 401755, 1, '{"venture":"tobofu"}'::jsonb, NULL, 'tobofu');
INSERT INTO leads (id, title, source, company_id, stage_id, assigned_to, estimated_value, priority, custom_fields, referral_code_id, venture) VALUES ('9ae42665-ce90-4eec-bbe1-84b4a6317808', 'Mahindra & Mahindra - Skill_tank Audit', 'cold_call', '2d448c03-7dc9-46a8-821e-6e84d978871c', '00000000-0000-0000-0000-000000000006', '11111111-1111-1111-1111-111111111111', 2174907, 3, '{"venture":"skill_tank"}'::jsonb, NULL, 'skill_tank');
INSERT INTO leads (id, title, source, company_id, stage_id, assigned_to, estimated_value, priority, custom_fields, referral_code_id, venture) VALUES ('49971d55-78db-4d29-b195-08a5c4863f54', 'Tech Mahindra - Tobofu Audit', 'event', '0e033372-4ef6-4f6b-884c-97f4f1465ee8', '00000000-0000-0000-0000-000000000005', '11111111-1111-1111-1111-111111111111', 2907458, 4, '{"venture":"tobofu"}'::jsonb, NULL, 'tobofu');
INSERT INTO leads (id, title, source, company_id, stage_id, assigned_to, estimated_value, priority, custom_fields, referral_code_id, venture) VALUES ('226f472a-6dcd-4e56-b535-62c997f22653', 'Sun Pharma - Maceco Upgrade', 'ads', '73550323-b997-4fcf-8290-4df0ada8075c', '00000000-0000-0000-0000-000000000007', '11111111-1111-1111-1111-111111111111', 3389737, 3, '{"venture":"maceco"}'::jsonb, NULL, 'maceco');
INSERT INTO leads (id, title, source, company_id, stage_id, assigned_to, estimated_value, priority, custom_fields, referral_code_id, venture) VALUES ('da212cf0-9fa9-48bd-8921-430501e5b29e', 'Tata Consultancy Services - Skill_tank Audit', 'referral', '22cbbdd6-0bb9-40f3-bf2c-3744a0f2060e', '00000000-0000-0000-0000-000000000004', '11111111-1111-1111-1111-111111111111', 1795087, 3, '{"venture":"skill_tank"}'::jsonb, 'b7dc3ee4-4d18-4e26-a40b-4a2e4008a2e4', 'skill_tank');
INSERT INTO leads (id, title, source, company_id, stage_id, assigned_to, estimated_value, priority, custom_fields, referral_code_id, venture) VALUES ('8db3d7c1-acc5-48ff-ac35-eb33f4803f91', 'Wipro - Promtal Upgrade', 'event', '97f2dc0f-13b5-4fb9-9ccd-bfb74f95e8c5', '00000000-0000-0000-0000-000000000002', '11111111-1111-1111-1111-111111111111', 3411476, 4, '{"venture":"promtal"}'::jsonb, NULL, 'promtal');
INSERT INTO leads (id, title, source, company_id, stage_id, assigned_to, estimated_value, priority, custom_fields, referral_code_id, venture) VALUES ('9e5b57c3-b0db-4ad0-a493-c42eb5395e72', 'Lenskart - Saasum Integration', 'organic', 'ad00b728-57c3-4d47-acec-edb63685cfed', '00000000-0000-0000-0000-000000000002', '11111111-1111-1111-1111-111111111111', 3102627, 3, '{"venture":"saasum"}'::jsonb, NULL, 'saasum');
INSERT INTO leads (id, title, source, company_id, stage_id, assigned_to, estimated_value, priority, custom_fields, referral_code_id, venture) VALUES ('2f493821-a40b-4225-aa9e-6f5c180ef50f', 'Razorpay - Skill_tank Deployment', 'ads', 'a3daf519-7006-427e-9945-544176ed15a1', '00000000-0000-0000-0000-000000000001', '11111111-1111-1111-1111-111111111111', 4540232, 1, '{"venture":"skill_tank"}'::jsonb, NULL, 'skill_tank');
INSERT INTO leads (id, title, source, company_id, stage_id, assigned_to, estimated_value, priority, custom_fields, referral_code_id, venture) VALUES ('06342d8e-5884-4279-b5b1-8f912ee50b2b', 'Paytm - Promtal Integration', 'cold_call', 'a8c4f235-40af-40ac-ab7e-4424282a0c84', '00000000-0000-0000-0000-000000000006', '11111111-1111-1111-1111-111111111111', 2015397, 4, '{"venture":"promtal"}'::jsonb, NULL, 'promtal');
INSERT INTO leads (id, title, source, company_id, stage_id, assigned_to, estimated_value, priority, custom_fields, referral_code_id, venture) VALUES ('61840a00-01f5-4591-bb37-55da8d5f8027', 'Flipkart - Promtal Migration', 'ads', 'f9c10409-510d-4a73-b43d-01b894ccdb02', '00000000-0000-0000-0000-000000000004', '11111111-1111-1111-1111-111111111111', 2863823, 2, '{"venture":"promtal"}'::jsonb, NULL, 'promtal');
INSERT INTO leads (id, title, source, company_id, stage_id, assigned_to, estimated_value, priority, custom_fields, referral_code_id, venture) VALUES ('fe4be930-2329-4bf9-8b62-eac2bb835cc2', 'Godrej Consumer Products - Promtal Upgrade', 'organic', '76578de4-17ef-44aa-8c86-8a72bd8c12e4', '00000000-0000-0000-0000-000000000002', '11111111-1111-1111-1111-111111111111', 4908355, 1, '{"venture":"promtal"}'::jsonb, NULL, 'promtal');
INSERT INTO leads (id, title, source, company_id, stage_id, assigned_to, estimated_value, priority, custom_fields, referral_code_id, venture) VALUES ('d117cf26-1fc8-46d3-820a-0109083a9f87', 'Delhivery - Maceco Upgrade', 'ads', 'dc96c59f-189a-4e9b-993c-1857790a7f17', '00000000-0000-0000-0000-000000000002', '11111111-1111-1111-1111-111111111111', 4383506, 3, '{"venture":"maceco"}'::jsonb, NULL, 'maceco');
INSERT INTO leads (id, title, source, company_id, stage_id, assigned_to, estimated_value, priority, custom_fields, referral_code_id, venture) VALUES ('969703c9-27ca-4317-9844-32c1cf04164e', 'Zomato - Maceco Optimization', 'referral', '03bca463-3c00-4f85-a47b-67c5a52cf7bb', '00000000-0000-0000-0000-000000000001', '11111111-1111-1111-1111-111111111111', 175030, 1, '{"venture":"maceco"}'::jsonb, 'c6b2518c-4d79-4a40-8bb9-5014059273f7', 'maceco');
INSERT INTO leads (id, title, source, company_id, stage_id, assigned_to, estimated_value, priority, custom_fields, referral_code_id, venture) VALUES ('fc8af4e5-8d77-47f5-a419-e8722efb8fa1', 'CRED - Skill_tank Integration', 'event', 'b8d01681-690a-4e3c-a3c3-a53519052010', '00000000-0000-0000-0000-000000000007', '11111111-1111-1111-1111-111111111111', 56334, 3, '{"venture":"skill_tank"}'::jsonb, NULL, 'skill_tank');
INSERT INTO leads (id, title, source, company_id, stage_id, assigned_to, estimated_value, priority, custom_fields, referral_code_id, venture) VALUES ('82a4a044-0f05-4d24-80c3-e43a0574bafc', 'Godrej Consumer Products - Skill_tank Deployment', 'organic', '76578de4-17ef-44aa-8c86-8a72bd8c12e4', '00000000-0000-0000-0000-000000000006', '11111111-1111-1111-1111-111111111111', 3719375, 2, '{"venture":"skill_tank"}'::jsonb, NULL, 'skill_tank');
INSERT INTO leads (id, title, source, company_id, stage_id, assigned_to, estimated_value, priority, custom_fields, referral_code_id, venture) VALUES ('ca273506-6e4c-49ed-a0d9-e8eed3af985c', 'Tata Consultancy Services - Maceco Integration', 'organic', '22cbbdd6-0bb9-40f3-bf2c-3744a0f2060e', '00000000-0000-0000-0000-000000000004', '11111111-1111-1111-1111-111111111111', 1529716, 3, '{"venture":"maceco"}'::jsonb, NULL, 'maceco');
INSERT INTO leads (id, title, source, company_id, stage_id, assigned_to, estimated_value, priority, custom_fields, referral_code_id, venture) VALUES ('1975534c-b031-4f4f-a491-bad73faaadea', 'Swiggy - Promtal Consulting', 'organic', 'c0d5d890-ddce-4898-9c1d-d46652724f83', '00000000-0000-0000-0000-000000000007', '11111111-1111-1111-1111-111111111111', 1890345, 2, '{"venture":"promtal"}'::jsonb, NULL, 'promtal');
INSERT INTO leads (id, title, source, company_id, stage_id, assigned_to, estimated_value, priority, custom_fields, referral_code_id, venture) VALUES ('e3bb2b45-e92f-4341-9a3b-81efaab8f8d3', 'Ola Cabs - Tobofu Deployment', 'event', '0f968366-4aa8-4a84-b95d-38fa51284d0c', '00000000-0000-0000-0000-000000000007', '11111111-1111-1111-1111-111111111111', 403949, 2, '{"venture":"tobofu"}'::jsonb, NULL, 'tobofu');
INSERT INTO leads (id, title, source, company_id, stage_id, assigned_to, estimated_value, priority, custom_fields, referral_code_id, venture) VALUES ('a1be0056-96bc-42f3-bd0d-63c85daa8cd2', 'Urban Company - Promtal Integration', 'cold_call', '7515e3b8-1e62-45ee-ac19-4106fd85d1a7', '00000000-0000-0000-0000-000000000007', '11111111-1111-1111-1111-111111111111', 3872021, 3, '{"venture":"promtal"}'::jsonb, NULL, 'promtal');
INSERT INTO leads (id, title, source, company_id, stage_id, assigned_to, estimated_value, priority, custom_fields, referral_code_id, venture) VALUES ('454a03ec-114a-49dc-af05-2319e8f72272', 'CRED - Skill_tank Optimization', 'referral', 'b8d01681-690a-4e3c-a3c3-a53519052010', '00000000-0000-0000-0000-000000000004', '11111111-1111-1111-1111-111111111111', 4305808, 3, '{"venture":"skill_tank"}'::jsonb, 'e0459f41-4a08-4c3a-9d2e-16e3e1383422', 'skill_tank');
INSERT INTO leads (id, title, source, company_id, stage_id, assigned_to, estimated_value, priority, custom_fields, referral_code_id, venture) VALUES ('41942f0d-d945-453c-81ad-c03da8b5d1f5', 'Tata Consultancy Services - Tobofu Deployment', 'ads', '22cbbdd6-0bb9-40f3-bf2c-3744a0f2060e', '00000000-0000-0000-0000-000000000001', '11111111-1111-1111-1111-111111111111', 3334078, 3, '{"venture":"tobofu"}'::jsonb, NULL, 'tobofu');
INSERT INTO leads (id, title, source, company_id, stage_id, assigned_to, estimated_value, priority, custom_fields, referral_code_id, venture) VALUES ('27c47e08-0bf6-40ef-9836-fd66af8a52f1', 'Dream11 - Saasum Upgrade', 'referral', '11281251-65b5-47a9-9554-cc9faa69fff0', '00000000-0000-0000-0000-000000000006', '11111111-1111-1111-1111-111111111111', 122311, 1, '{"venture":"saasum"}'::jsonb, 'e0459f41-4a08-4c3a-9d2e-16e3e1383422', 'saasum');
INSERT INTO leads (id, title, source, company_id, stage_id, assigned_to, estimated_value, priority, custom_fields, referral_code_id, venture) VALUES ('6a676239-bfe3-4907-bade-4bcb0cea8337', 'Udaan - Tobofu Implementation', 'cold_call', 'd6a7b2d1-33bf-46c9-a61a-08dcf9ef0354', '00000000-0000-0000-0000-000000000003', '11111111-1111-1111-1111-111111111111', 745486, 2, '{"venture":"tobofu"}'::jsonb, NULL, 'tobofu');
INSERT INTO leads (id, title, source, company_id, stage_id, assigned_to, estimated_value, priority, custom_fields, referral_code_id, venture) VALUES ('c7442890-11c4-49b3-83f2-6d6a83302b13', 'Infosys - Tobofu Optimization', 'cold_call', '94045d5d-b76d-4746-95d9-9f61d64ce5e2', '00000000-0000-0000-0000-000000000007', '11111111-1111-1111-1111-111111111111', 2497086, 3, '{"venture":"tobofu"}'::jsonb, NULL, 'tobofu');
INSERT INTO leads (id, title, source, company_id, stage_id, assigned_to, estimated_value, priority, custom_fields, referral_code_id, venture) VALUES ('93d65c05-d197-4092-a093-ce97bb64d73c', 'Swiggy - Skill_tank Migration', 'ads', 'c0d5d890-ddce-4898-9c1d-d46652724f83', '00000000-0000-0000-0000-000000000002', '11111111-1111-1111-1111-111111111111', 2149859, 3, '{"venture":"skill_tank"}'::jsonb, NULL, 'skill_tank');
INSERT INTO leads (id, title, source, company_id, stage_id, assigned_to, estimated_value, priority, custom_fields, referral_code_id, venture) VALUES ('d1cdcf79-fcec-4bbd-b3b6-558be9c303af', 'Udaan - Promtal Optimization', 'organic', 'd6a7b2d1-33bf-46c9-a61a-08dcf9ef0354', '00000000-0000-0000-0000-000000000005', '11111111-1111-1111-1111-111111111111', 1002909, 1, '{"venture":"promtal"}'::jsonb, NULL, 'promtal');
INSERT INTO leads (id, title, source, company_id, stage_id, assigned_to, estimated_value, priority, custom_fields, referral_code_id, venture) VALUES ('d9cd1697-4ba8-4d70-a4ca-253d21b0f644', 'Flipkart - Tobofu Deployment', 'referral', 'f9c10409-510d-4a73-b43d-01b894ccdb02', '00000000-0000-0000-0000-000000000003', '11111111-1111-1111-1111-111111111111', 2629125, 2, '{"venture":"tobofu"}'::jsonb, '46805bc0-532e-46fc-ab40-0094a352c5eb', 'tobofu');
INSERT INTO leads (id, title, source, company_id, stage_id, assigned_to, estimated_value, priority, custom_fields, referral_code_id, venture) VALUES ('78c62b35-5c2b-4b18-960d-4cd19e1b1e16', 'Hero MotoCorp - Promtal Optimization', 'referral', 'e7f2d6e3-f53e-4793-89e1-b331a3c92802', '00000000-0000-0000-0000-000000000007', '11111111-1111-1111-1111-111111111111', 1874333, 2, '{"venture":"promtal"}'::jsonb, 'e0459f41-4a08-4c3a-9d2e-16e3e1383422', 'promtal');
INSERT INTO leads (id, title, source, company_id, stage_id, assigned_to, estimated_value, priority, custom_fields, referral_code_id, venture) VALUES ('d7d4a629-9c24-47ea-a275-2eb019eb75d6', 'Zomato - Maceco Consulting', 'ads', '03bca463-3c00-4f85-a47b-67c5a52cf7bb', '00000000-0000-0000-0000-000000000004', '11111111-1111-1111-1111-111111111111', 672032, 2, '{"venture":"maceco"}'::jsonb, NULL, 'maceco');
INSERT INTO leads (id, title, source, company_id, stage_id, assigned_to, estimated_value, priority, custom_fields, referral_code_id, venture) VALUES ('92ba0a7a-b7c3-40bc-83bf-59be881f3588', 'CRED - Tobofu Upgrade', 'event', 'b8d01681-690a-4e3c-a3c3-a53519052010', '00000000-0000-0000-0000-000000000006', '11111111-1111-1111-1111-111111111111', 848553, 2, '{"venture":"tobofu"}'::jsonb, NULL, 'tobofu');
INSERT INTO leads (id, title, source, company_id, stage_id, assigned_to, estimated_value, priority, custom_fields, referral_code_id, venture) VALUES ('a1262ab0-b754-48c8-83d6-f09609f76f9e', 'Dream11 - Tobofu Migration', 'organic', '11281251-65b5-47a9-9554-cc9faa69fff0', '00000000-0000-0000-0000-000000000006', '11111111-1111-1111-1111-111111111111', 1533529, 2, '{"venture":"tobofu"}'::jsonb, NULL, 'tobofu');
INSERT INTO leads (id, title, source, company_id, stage_id, assigned_to, estimated_value, priority, custom_fields, referral_code_id, venture) VALUES ('a429c912-1457-4b22-aa0c-c4e04009442e', 'Pine Labs - Maceco Consulting', 'referral', 'c25f143a-641a-4441-9c45-471a7eaa697c', '00000000-0000-0000-0000-000000000001', '11111111-1111-1111-1111-111111111111', 1083731, 2, '{"venture":"maceco"}'::jsonb, '7d286926-d86f-4704-988a-edb2abdd3dd8', 'maceco');
INSERT INTO leads (id, title, source, company_id, stage_id, assigned_to, estimated_value, priority, custom_fields, referral_code_id, venture) VALUES ('add818d3-a028-4167-b397-25d82a3fcfd5', 'Tech Mahindra - Saasum Integration', 'organic', '0e033372-4ef6-4f6b-884c-97f4f1465ee8', '00000000-0000-0000-0000-000000000006', '11111111-1111-1111-1111-111111111111', 4960092, 1, '{"venture":"saasum"}'::jsonb, NULL, 'saasum');

-- 5. STAGE HISTORY
INSERT INTO stage_history (lead_id, from_stage_id, to_stage_id, changed_by) VALUES ('0398205f-8ce7-4645-9243-aeb877849e77', '00000000-0000-0000-0000-000000000001', '00000000-0000-0000-0000-000000000004', '11111111-1111-1111-1111-111111111111');
INSERT INTO stage_history (lead_id, from_stage_id, to_stage_id, changed_by) VALUES ('88e4ced7-3433-4989-a302-e6649aa9ad41', '00000000-0000-0000-0000-000000000001', '00000000-0000-0000-0000-000000000003', '11111111-1111-1111-1111-111111111111');
INSERT INTO stage_history (lead_id, from_stage_id, to_stage_id, changed_by) VALUES ('798efe2b-14d6-4c6d-9fb2-075279ee7ecc', '00000000-0000-0000-0000-000000000001', '00000000-0000-0000-0000-000000000005', '11111111-1111-1111-1111-111111111111');
INSERT INTO stage_history (lead_id, from_stage_id, to_stage_id, changed_by) VALUES ('fd8f2834-7c58-4e4f-970b-7a19caead0d4', '00000000-0000-0000-0000-000000000001', '00000000-0000-0000-0000-000000000003', '11111111-1111-1111-1111-111111111111');
INSERT INTO stage_history (lead_id, from_stage_id, to_stage_id, changed_by) VALUES ('28cf79a9-648b-4e5d-9a22-be6e61fb3a58', '00000000-0000-0000-0000-000000000001', '00000000-0000-0000-0000-000000000002', '11111111-1111-1111-1111-111111111111');
INSERT INTO stage_history (lead_id, from_stage_id, to_stage_id, changed_by) VALUES ('b4f07e43-b328-473f-ba9c-0bd4bd4cd297', '00000000-0000-0000-0000-000000000001', '00000000-0000-0000-0000-000000000005', '11111111-1111-1111-1111-111111111111');
INSERT INTO stage_history (lead_id, from_stage_id, to_stage_id, changed_by) VALUES ('8c557f45-d565-4b22-a7fa-30594e83122f', '00000000-0000-0000-0000-000000000001', '00000000-0000-0000-0000-000000000005', '11111111-1111-1111-1111-111111111111');
INSERT INTO stage_history (lead_id, from_stage_id, to_stage_id, changed_by) VALUES ('b7f7c2d6-4b67-43f8-8802-ce6ab4272a0f', '00000000-0000-0000-0000-000000000001', '00000000-0000-0000-0000-000000000007', '11111111-1111-1111-1111-111111111111');
INSERT INTO stage_history (lead_id, from_stage_id, to_stage_id, changed_by) VALUES ('a5346f6b-397a-4dff-bf0a-497219283787', '00000000-0000-0000-0000-000000000001', '00000000-0000-0000-0000-000000000006', '11111111-1111-1111-1111-111111111111');
INSERT INTO stage_history (lead_id, from_stage_id, to_stage_id, changed_by) VALUES ('a62d6da3-108f-4600-b0bc-920eba756713', '00000000-0000-0000-0000-000000000001', '00000000-0000-0000-0000-000000000006', '11111111-1111-1111-1111-111111111111');
INSERT INTO stage_history (lead_id, from_stage_id, to_stage_id, changed_by) VALUES ('2adcce47-bb56-406e-9d40-4923dbb34a50', '00000000-0000-0000-0000-000000000001', '00000000-0000-0000-0000-000000000005', '11111111-1111-1111-1111-111111111111');
INSERT INTO stage_history (lead_id, from_stage_id, to_stage_id, changed_by) VALUES ('332ebc9c-bf7c-441d-87bc-eb3b6aa48129', '00000000-0000-0000-0000-000000000001', '00000000-0000-0000-0000-000000000002', '11111111-1111-1111-1111-111111111111');
INSERT INTO stage_history (lead_id, from_stage_id, to_stage_id, changed_by) VALUES ('6d461a2e-df30-45c0-a8a5-c33605d435d6', '00000000-0000-0000-0000-000000000001', '00000000-0000-0000-0000-000000000005', '11111111-1111-1111-1111-111111111111');
INSERT INTO stage_history (lead_id, from_stage_id, to_stage_id, changed_by) VALUES ('ed80a92a-70cf-4896-b24a-4acb11a42b10', '00000000-0000-0000-0000-000000000001', '00000000-0000-0000-0000-000000000002', '11111111-1111-1111-1111-111111111111');
INSERT INTO stage_history (lead_id, from_stage_id, to_stage_id, changed_by) VALUES ('2f2b3d54-3720-40a6-b02d-31df32fbda63', '00000000-0000-0000-0000-000000000001', '00000000-0000-0000-0000-000000000005', '11111111-1111-1111-1111-111111111111');
INSERT INTO stage_history (lead_id, from_stage_id, to_stage_id, changed_by) VALUES ('7c42d825-344c-4a0e-b752-3552bbe099d1', '00000000-0000-0000-0000-000000000001', '00000000-0000-0000-0000-000000000003', '11111111-1111-1111-1111-111111111111');
INSERT INTO stage_history (lead_id, from_stage_id, to_stage_id, changed_by) VALUES ('01f0d5f8-b600-4b37-a339-976a7af3092d', '00000000-0000-0000-0000-000000000001', '00000000-0000-0000-0000-000000000002', '11111111-1111-1111-1111-111111111111');
INSERT INTO stage_history (lead_id, from_stage_id, to_stage_id, changed_by) VALUES ('ff2a87d4-c5bb-49eb-b0a0-bf84c3cdf9a3', '00000000-0000-0000-0000-000000000001', '00000000-0000-0000-0000-000000000002', '11111111-1111-1111-1111-111111111111');
INSERT INTO stage_history (lead_id, from_stage_id, to_stage_id, changed_by) VALUES ('1612c4b0-07a7-4e26-87d9-376820e742b6', '00000000-0000-0000-0000-000000000001', '00000000-0000-0000-0000-000000000006', '11111111-1111-1111-1111-111111111111');
INSERT INTO stage_history (lead_id, from_stage_id, to_stage_id, changed_by) VALUES ('0f216b07-866c-4605-8291-dfe813a7429c', '00000000-0000-0000-0000-000000000001', '00000000-0000-0000-0000-000000000006', '11111111-1111-1111-1111-111111111111');
INSERT INTO stage_history (lead_id, from_stage_id, to_stage_id, changed_by) VALUES ('70062997-7f34-43c5-81ff-b634c552066b', '00000000-0000-0000-0000-000000000001', '00000000-0000-0000-0000-000000000005', '11111111-1111-1111-1111-111111111111');
INSERT INTO stage_history (lead_id, from_stage_id, to_stage_id, changed_by) VALUES ('80e40bc8-4bdc-4cbc-8f08-a7961039f08b', '00000000-0000-0000-0000-000000000001', '00000000-0000-0000-0000-000000000006', '11111111-1111-1111-1111-111111111111');
INSERT INTO stage_history (lead_id, from_stage_id, to_stage_id, changed_by) VALUES ('ba8da9b6-8bb5-40a0-8a10-33483cfcb4e5', '00000000-0000-0000-0000-000000000001', '00000000-0000-0000-0000-000000000003', '11111111-1111-1111-1111-111111111111');
INSERT INTO stage_history (lead_id, from_stage_id, to_stage_id, changed_by) VALUES ('5bb2bfcf-ded3-4e3d-a30a-8d7e4b576918', '00000000-0000-0000-0000-000000000001', '00000000-0000-0000-0000-000000000004', '11111111-1111-1111-1111-111111111111');
INSERT INTO stage_history (lead_id, from_stage_id, to_stage_id, changed_by) VALUES ('8a549722-bee3-45b1-a7ea-4defa8e95495', '00000000-0000-0000-0000-000000000001', '00000000-0000-0000-0000-000000000006', '11111111-1111-1111-1111-111111111111');
INSERT INTO stage_history (lead_id, from_stage_id, to_stage_id, changed_by) VALUES ('2c3d7164-bb5c-4de4-88f7-87a856fae8ee', '00000000-0000-0000-0000-000000000001', '00000000-0000-0000-0000-000000000003', '11111111-1111-1111-1111-111111111111');
INSERT INTO stage_history (lead_id, from_stage_id, to_stage_id, changed_by) VALUES ('fad395ca-8a54-4fd2-9165-54216fdb5fdb', '00000000-0000-0000-0000-000000000001', '00000000-0000-0000-0000-000000000003', '11111111-1111-1111-1111-111111111111');
INSERT INTO stage_history (lead_id, from_stage_id, to_stage_id, changed_by) VALUES ('0937e151-1e28-4a25-afc8-2abbd6551593', '00000000-0000-0000-0000-000000000001', '00000000-0000-0000-0000-000000000006', '11111111-1111-1111-1111-111111111111');
INSERT INTO stage_history (lead_id, from_stage_id, to_stage_id, changed_by) VALUES ('58fb59b5-3085-4415-b1a5-eeb0bd0be036', '00000000-0000-0000-0000-000000000001', '00000000-0000-0000-0000-000000000007', '11111111-1111-1111-1111-111111111111');
INSERT INTO stage_history (lead_id, from_stage_id, to_stage_id, changed_by) VALUES ('4a1703bc-2f70-461c-b016-087cbfd63c6b', '00000000-0000-0000-0000-000000000001', '00000000-0000-0000-0000-000000000003', '11111111-1111-1111-1111-111111111111');
INSERT INTO stage_history (lead_id, from_stage_id, to_stage_id, changed_by) VALUES ('74146e01-e257-4b0b-a3fa-645ceef7107e', '00000000-0000-0000-0000-000000000001', '00000000-0000-0000-0000-000000000006', '11111111-1111-1111-1111-111111111111');
INSERT INTO stage_history (lead_id, from_stage_id, to_stage_id, changed_by) VALUES ('32c13759-360c-4ab9-b7a1-f3a4d57a750e', '00000000-0000-0000-0000-000000000001', '00000000-0000-0000-0000-000000000005', '11111111-1111-1111-1111-111111111111');
INSERT INTO stage_history (lead_id, from_stage_id, to_stage_id, changed_by) VALUES ('edce20ff-2a25-416d-b212-52b06705b210', '00000000-0000-0000-0000-000000000001', '00000000-0000-0000-0000-000000000002', '11111111-1111-1111-1111-111111111111');
INSERT INTO stage_history (lead_id, from_stage_id, to_stage_id, changed_by) VALUES ('e78ed112-7c63-4d1d-af5f-74b3e8ceff90', '00000000-0000-0000-0000-000000000001', '00000000-0000-0000-0000-000000000007', '11111111-1111-1111-1111-111111111111');
INSERT INTO stage_history (lead_id, from_stage_id, to_stage_id, changed_by) VALUES ('9ae42665-ce90-4eec-bbe1-84b4a6317808', '00000000-0000-0000-0000-000000000001', '00000000-0000-0000-0000-000000000006', '11111111-1111-1111-1111-111111111111');
INSERT INTO stage_history (lead_id, from_stage_id, to_stage_id, changed_by) VALUES ('49971d55-78db-4d29-b195-08a5c4863f54', '00000000-0000-0000-0000-000000000001', '00000000-0000-0000-0000-000000000005', '11111111-1111-1111-1111-111111111111');
INSERT INTO stage_history (lead_id, from_stage_id, to_stage_id, changed_by) VALUES ('226f472a-6dcd-4e56-b535-62c997f22653', '00000000-0000-0000-0000-000000000001', '00000000-0000-0000-0000-000000000007', '11111111-1111-1111-1111-111111111111');
INSERT INTO stage_history (lead_id, from_stage_id, to_stage_id, changed_by) VALUES ('da212cf0-9fa9-48bd-8921-430501e5b29e', '00000000-0000-0000-0000-000000000001', '00000000-0000-0000-0000-000000000004', '11111111-1111-1111-1111-111111111111');
INSERT INTO stage_history (lead_id, from_stage_id, to_stage_id, changed_by) VALUES ('8db3d7c1-acc5-48ff-ac35-eb33f4803f91', '00000000-0000-0000-0000-000000000001', '00000000-0000-0000-0000-000000000002', '11111111-1111-1111-1111-111111111111');
INSERT INTO stage_history (lead_id, from_stage_id, to_stage_id, changed_by) VALUES ('9e5b57c3-b0db-4ad0-a493-c42eb5395e72', '00000000-0000-0000-0000-000000000001', '00000000-0000-0000-0000-000000000002', '11111111-1111-1111-1111-111111111111');
INSERT INTO stage_history (lead_id, from_stage_id, to_stage_id, changed_by) VALUES ('06342d8e-5884-4279-b5b1-8f912ee50b2b', '00000000-0000-0000-0000-000000000001', '00000000-0000-0000-0000-000000000006', '11111111-1111-1111-1111-111111111111');
INSERT INTO stage_history (lead_id, from_stage_id, to_stage_id, changed_by) VALUES ('61840a00-01f5-4591-bb37-55da8d5f8027', '00000000-0000-0000-0000-000000000001', '00000000-0000-0000-0000-000000000004', '11111111-1111-1111-1111-111111111111');
INSERT INTO stage_history (lead_id, from_stage_id, to_stage_id, changed_by) VALUES ('fe4be930-2329-4bf9-8b62-eac2bb835cc2', '00000000-0000-0000-0000-000000000001', '00000000-0000-0000-0000-000000000002', '11111111-1111-1111-1111-111111111111');
INSERT INTO stage_history (lead_id, from_stage_id, to_stage_id, changed_by) VALUES ('d117cf26-1fc8-46d3-820a-0109083a9f87', '00000000-0000-0000-0000-000000000001', '00000000-0000-0000-0000-000000000002', '11111111-1111-1111-1111-111111111111');
INSERT INTO stage_history (lead_id, from_stage_id, to_stage_id, changed_by) VALUES ('fc8af4e5-8d77-47f5-a419-e8722efb8fa1', '00000000-0000-0000-0000-000000000001', '00000000-0000-0000-0000-000000000007', '11111111-1111-1111-1111-111111111111');
INSERT INTO stage_history (lead_id, from_stage_id, to_stage_id, changed_by) VALUES ('82a4a044-0f05-4d24-80c3-e43a0574bafc', '00000000-0000-0000-0000-000000000001', '00000000-0000-0000-0000-000000000006', '11111111-1111-1111-1111-111111111111');
INSERT INTO stage_history (lead_id, from_stage_id, to_stage_id, changed_by) VALUES ('ca273506-6e4c-49ed-a0d9-e8eed3af985c', '00000000-0000-0000-0000-000000000001', '00000000-0000-0000-0000-000000000004', '11111111-1111-1111-1111-111111111111');
INSERT INTO stage_history (lead_id, from_stage_id, to_stage_id, changed_by) VALUES ('1975534c-b031-4f4f-a491-bad73faaadea', '00000000-0000-0000-0000-000000000001', '00000000-0000-0000-0000-000000000007', '11111111-1111-1111-1111-111111111111');
INSERT INTO stage_history (lead_id, from_stage_id, to_stage_id, changed_by) VALUES ('e3bb2b45-e92f-4341-9a3b-81efaab8f8d3', '00000000-0000-0000-0000-000000000001', '00000000-0000-0000-0000-000000000007', '11111111-1111-1111-1111-111111111111');
INSERT INTO stage_history (lead_id, from_stage_id, to_stage_id, changed_by) VALUES ('a1be0056-96bc-42f3-bd0d-63c85daa8cd2', '00000000-0000-0000-0000-000000000001', '00000000-0000-0000-0000-000000000007', '11111111-1111-1111-1111-111111111111');
INSERT INTO stage_history (lead_id, from_stage_id, to_stage_id, changed_by) VALUES ('454a03ec-114a-49dc-af05-2319e8f72272', '00000000-0000-0000-0000-000000000001', '00000000-0000-0000-0000-000000000004', '11111111-1111-1111-1111-111111111111');
INSERT INTO stage_history (lead_id, from_stage_id, to_stage_id, changed_by) VALUES ('27c47e08-0bf6-40ef-9836-fd66af8a52f1', '00000000-0000-0000-0000-000000000001', '00000000-0000-0000-0000-000000000006', '11111111-1111-1111-1111-111111111111');
INSERT INTO stage_history (lead_id, from_stage_id, to_stage_id, changed_by) VALUES ('6a676239-bfe3-4907-bade-4bcb0cea8337', '00000000-0000-0000-0000-000000000001', '00000000-0000-0000-0000-000000000003', '11111111-1111-1111-1111-111111111111');
INSERT INTO stage_history (lead_id, from_stage_id, to_stage_id, changed_by) VALUES ('c7442890-11c4-49b3-83f2-6d6a83302b13', '00000000-0000-0000-0000-000000000001', '00000000-0000-0000-0000-000000000007', '11111111-1111-1111-1111-111111111111');
INSERT INTO stage_history (lead_id, from_stage_id, to_stage_id, changed_by) VALUES ('93d65c05-d197-4092-a093-ce97bb64d73c', '00000000-0000-0000-0000-000000000001', '00000000-0000-0000-0000-000000000002', '11111111-1111-1111-1111-111111111111');
INSERT INTO stage_history (lead_id, from_stage_id, to_stage_id, changed_by) VALUES ('d1cdcf79-fcec-4bbd-b3b6-558be9c303af', '00000000-0000-0000-0000-000000000001', '00000000-0000-0000-0000-000000000005', '11111111-1111-1111-1111-111111111111');
INSERT INTO stage_history (lead_id, from_stage_id, to_stage_id, changed_by) VALUES ('d9cd1697-4ba8-4d70-a4ca-253d21b0f644', '00000000-0000-0000-0000-000000000001', '00000000-0000-0000-0000-000000000003', '11111111-1111-1111-1111-111111111111');
INSERT INTO stage_history (lead_id, from_stage_id, to_stage_id, changed_by) VALUES ('78c62b35-5c2b-4b18-960d-4cd19e1b1e16', '00000000-0000-0000-0000-000000000001', '00000000-0000-0000-0000-000000000007', '11111111-1111-1111-1111-111111111111');
INSERT INTO stage_history (lead_id, from_stage_id, to_stage_id, changed_by) VALUES ('d7d4a629-9c24-47ea-a275-2eb019eb75d6', '00000000-0000-0000-0000-000000000001', '00000000-0000-0000-0000-000000000004', '11111111-1111-1111-1111-111111111111');
INSERT INTO stage_history (lead_id, from_stage_id, to_stage_id, changed_by) VALUES ('92ba0a7a-b7c3-40bc-83bf-59be881f3588', '00000000-0000-0000-0000-000000000001', '00000000-0000-0000-0000-000000000006', '11111111-1111-1111-1111-111111111111');
INSERT INTO stage_history (lead_id, from_stage_id, to_stage_id, changed_by) VALUES ('a1262ab0-b754-48c8-83d6-f09609f76f9e', '00000000-0000-0000-0000-000000000001', '00000000-0000-0000-0000-000000000006', '11111111-1111-1111-1111-111111111111');
INSERT INTO stage_history (lead_id, from_stage_id, to_stage_id, changed_by) VALUES ('add818d3-a028-4167-b397-25d82a3fcfd5', '00000000-0000-0000-0000-000000000001', '00000000-0000-0000-0000-000000000006', '11111111-1111-1111-1111-111111111111');

-- 6. DEALS (from Won Leads or Direct)
INSERT INTO deals (id, title, lead_id, company_id, assigned_to, value, probability, expected_close_date, status) VALUES ('c2583a51-1ef4-4825-8c66-d77a62c1299b', 'Deal: undefined', '9fc95df8-b33c-4eef-a0e3-280583eee932', '1f2c23e3-d0bd-496e-b564-758ba5716e42', '11111111-1111-1111-1111-111111111111', 4432364, 54, '2026-05-31', 'open');
INSERT INTO deals (id, title, lead_id, company_id, assigned_to, value, probability, expected_close_date, status) VALUES ('316fa5fd-4007-476d-82b0-d385612fc48c', 'Deal: undefined', '0f216b07-866c-4605-8291-dfe813a7429c', '22cbbdd6-0bb9-40f3-bf2c-3744a0f2060e', '11111111-1111-1111-1111-111111111111', 3571714, 63, '2026-08-17', 'open');
INSERT INTO deals (id, title, lead_id, company_id, assigned_to, value, probability, expected_close_date, status) VALUES ('b9d3c0d4-ba77-4c23-8b8f-b2740bc46b8d', 'Deal: undefined', 'c885f361-f639-47e6-8c2e-f2f45e557620', 'ea0bf167-5dea-4c38-ae9c-9cdbb14a1f02', '11111111-1111-1111-1111-111111111111', 1643923, 40, '2026-06-22', 'open');
INSERT INTO deals (id, title, lead_id, company_id, assigned_to, value, probability, expected_close_date, status) VALUES ('fabdf49f-6b1f-4cba-8f42-73c154ea4938', 'Deal: undefined', '0f216b07-866c-4605-8291-dfe813a7429c', '22cbbdd6-0bb9-40f3-bf2c-3744a0f2060e', '11111111-1111-1111-1111-111111111111', 3571714, 57, '2026-08-03', 'open');
INSERT INTO deals (id, title, lead_id, company_id, assigned_to, value, probability, expected_close_date, status) VALUES ('638c030c-c138-453c-adf7-2dc38717c4f6', 'Deal: undefined', '804b4ff7-6a1c-4c7e-ac24-2a53ccca29be', 'ad00b728-57c3-4d47-acec-edb63685cfed', '11111111-1111-1111-1111-111111111111', 401755, 99, '2026-05-23', 'won');
INSERT INTO deals (id, title, lead_id, company_id, assigned_to, value, probability, expected_close_date, status) VALUES ('d71f1ba7-0ca8-4c13-9774-5c604a290b37', 'Deal: undefined', '5bb2bfcf-ded3-4e3d-a30a-8d7e4b576918', '11281251-65b5-47a9-9554-cc9faa69fff0', '11111111-1111-1111-1111-111111111111', 1471050, 96, '2026-06-30', 'won');
INSERT INTO deals (id, title, lead_id, company_id, assigned_to, value, probability, expected_close_date, status) VALUES ('3a235184-1597-4d9f-9bde-89003950ec0a', 'Deal: undefined', 'a429c912-1457-4b22-aa0c-c4e04009442e', 'c25f143a-641a-4441-9c45-471a7eaa697c', '11111111-1111-1111-1111-111111111111', 1083731, 41, '2026-05-29', 'open');
INSERT INTO deals (id, title, lead_id, company_id, assigned_to, value, probability, expected_close_date, status) VALUES ('f1cdbd85-328b-47f2-85fe-ebaaa85a7982', 'Deal: undefined', '06342d8e-5884-4279-b5b1-8f912ee50b2b', 'a8c4f235-40af-40ac-ab7e-4424282a0c84', '11111111-1111-1111-1111-111111111111', 2015397, 53, '2026-05-30', 'open');
INSERT INTO deals (id, title, lead_id, company_id, assigned_to, value, probability, expected_close_date, status) VALUES ('879eca91-5d45-49e9-abb0-5a700df10a44', 'Deal: undefined', 'ed80a92a-70cf-4896-b24a-4acb11a42b10', '78c7c9d1-6e2e-4a81-bd1a-7362cafc73bc', '11111111-1111-1111-1111-111111111111', 2087791, 77, '2026-07-03', 'open');
INSERT INTO deals (id, title, lead_id, company_id, assigned_to, value, probability, expected_close_date, status) VALUES ('4c4592de-b3fc-43bf-8944-002d57184c46', 'Deal: undefined', 'da212cf0-9fa9-48bd-8921-430501e5b29e', '22cbbdd6-0bb9-40f3-bf2c-3744a0f2060e', '11111111-1111-1111-1111-111111111111', 1795087, 71, '2026-06-04', 'open');
INSERT INTO deals (id, title, lead_id, company_id, assigned_to, value, probability, expected_close_date, status) VALUES ('6c889326-922c-49cd-8c7a-34ed906b1680', 'Deal: undefined', 'a1be0056-96bc-42f3-bd0d-63c85daa8cd2', '7515e3b8-1e62-45ee-ac19-4106fd85d1a7', '11111111-1111-1111-1111-111111111111', 3872021, 82, '2026-06-26', 'won');
INSERT INTO deals (id, title, lead_id, company_id, assigned_to, value, probability, expected_close_date, status) VALUES ('e79bc0ac-217c-4238-b390-6c238c68120c', 'Deal: undefined', 'fc8af4e5-8d77-47f5-a419-e8722efb8fa1', 'b8d01681-690a-4e3c-a3c3-a53519052010', '11111111-1111-1111-1111-111111111111', 56334, 59, '2026-06-21', 'open');
INSERT INTO deals (id, title, lead_id, company_id, assigned_to, value, probability, expected_close_date, status) VALUES ('d740c9c2-b05e-4494-922d-fc26017e84bb', 'Deal: undefined', 'c885f361-f639-47e6-8c2e-f2f45e557620', 'ea0bf167-5dea-4c38-ae9c-9cdbb14a1f02', '11111111-1111-1111-1111-111111111111', 1643923, 72, '2026-06-30', 'open');
INSERT INTO deals (id, title, lead_id, company_id, assigned_to, value, probability, expected_close_date, status) VALUES ('5ae016da-6da4-47f0-a1fc-027204902070', 'Deal: undefined', 'fad395ca-8a54-4fd2-9165-54216fdb5fdb', '76578de4-17ef-44aa-8c86-8a72bd8c12e4', '11111111-1111-1111-1111-111111111111', 191173, 51, '2026-08-13', 'open');
INSERT INTO deals (id, title, lead_id, company_id, assigned_to, value, probability, expected_close_date, status) VALUES ('fbddcaac-4448-4aef-bc47-e8566aa9f71a', 'Deal: undefined', 'a1262ab0-b754-48c8-83d6-f09609f76f9e', '11281251-65b5-47a9-9554-cc9faa69fff0', '11111111-1111-1111-1111-111111111111', 1533529, 78, '2026-05-25', 'open');
INSERT INTO deals (id, title, lead_id, company_id, assigned_to, value, probability, expected_close_date, status) VALUES ('2a7014d9-5055-4684-9b15-271f0a5b272a', 'Deal: undefined', '74146e01-e257-4b0b-a3fa-645ceef7107e', '29a15303-2bc8-494a-8cbc-952e9c5eb0b1', '11111111-1111-1111-1111-111111111111', 4791751, 95, '2026-06-13', 'won');
INSERT INTO referral_conversions (referral_code_id, lead_id, deal_id, deal_value, commission_amount, status) VALUES ('db0a9738-2545-4c15-8b54-ba1e44f4d284', '74146e01-e257-4b0b-a3fa-645ceef7107e', '2a7014d9-5055-4684-9b15-271f0a5b272a', 4791751, 479175.10000000003, 'approved');
INSERT INTO deals (id, title, lead_id, company_id, assigned_to, value, probability, expected_close_date, status) VALUES ('758d102b-0937-4587-817a-a5cadece2047', 'Deal: undefined', 'a1262ab0-b754-48c8-83d6-f09609f76f9e', '11281251-65b5-47a9-9554-cc9faa69fff0', '11111111-1111-1111-1111-111111111111', 1533529, 43, '2026-06-26', 'open');
INSERT INTO deals (id, title, lead_id, company_id, assigned_to, value, probability, expected_close_date, status) VALUES ('94d4ea85-9e38-43fe-ab0b-e91e03fc4d22', 'Deal: undefined', '4a1703bc-2f70-461c-b016-087cbfd63c6b', '73550323-b997-4fcf-8290-4df0ada8075c', '11111111-1111-1111-1111-111111111111', 3346379, 41, '2026-07-31', 'open');
INSERT INTO deals (id, title, lead_id, company_id, assigned_to, value, probability, expected_close_date, status) VALUES ('b6c4e025-df50-47ae-97a7-6eb91736c817', 'Deal: undefined', '0f216b07-866c-4605-8291-dfe813a7429c', '22cbbdd6-0bb9-40f3-bf2c-3744a0f2060e', '11111111-1111-1111-1111-111111111111', 3571714, 76, '2026-07-27', 'open');
INSERT INTO deals (id, title, lead_id, company_id, assigned_to, value, probability, expected_close_date, status) VALUES ('5692c1e0-f1ec-4d38-b63a-20ee48bbd595', 'Deal: undefined', 'c885f361-f639-47e6-8c2e-f2f45e557620', 'ea0bf167-5dea-4c38-ae9c-9cdbb14a1f02', '11111111-1111-1111-1111-111111111111', 1643923, 71, '2026-06-11', 'open');
INSERT INTO deals (id, title, lead_id, company_id, assigned_to, value, probability, expected_close_date, status) VALUES ('faf6b321-debd-499e-a009-b6627fad9252', 'Deal: undefined', '2f2b3d54-3720-40a6-b02d-31df32fbda63', '7515e3b8-1e62-45ee-ac19-4106fd85d1a7', '11111111-1111-1111-1111-111111111111', 2853801, 67, '2026-08-09', 'open');
INSERT INTO deals (id, title, lead_id, company_id, assigned_to, value, probability, expected_close_date, status) VALUES ('6df84bf8-3193-4fef-ae7c-67278ac04f6e', 'Deal: undefined', '06342d8e-5884-4279-b5b1-8f912ee50b2b', 'a8c4f235-40af-40ac-ab7e-4424282a0c84', '11111111-1111-1111-1111-111111111111', 2015397, 61, '2026-08-11', 'open');
INSERT INTO deals (id, title, lead_id, company_id, assigned_to, value, probability, expected_close_date, status) VALUES ('50687ca0-3f0f-42eb-ae55-07a12b68f4e3', 'Deal: undefined', '5bb2bfcf-ded3-4e3d-a30a-8d7e4b576918', '11281251-65b5-47a9-9554-cc9faa69fff0', '11111111-1111-1111-1111-111111111111', 1471050, 66, '2026-08-19', 'open');
INSERT INTO deals (id, title, lead_id, company_id, assigned_to, value, probability, expected_close_date, status) VALUES ('bacd52b6-b331-4407-aa8b-e109ec87668a', 'Deal: undefined', '798efe2b-14d6-4c6d-9fb2-075279ee7ecc', '0e033372-4ef6-4f6b-884c-97f4f1465ee8', '11111111-1111-1111-1111-111111111111', 184108, 59, '2026-06-28', 'open');
INSERT INTO deals (id, title, lead_id, company_id, assigned_to, value, probability, expected_close_date, status) VALUES ('0ba9e95f-26ef-41bd-831d-8026466eb561', 'Deal: undefined', 'a046ec82-e48d-43f2-b229-aa03aaf7e344', 'e7f2d6e3-f53e-4793-89e1-b331a3c92802', '11111111-1111-1111-1111-111111111111', 3872854, 68, '2026-06-16', 'open');

-- 7. INVOICES
INSERT INTO invoices (id, invoice_number, deal_id, company_id, created_by, subtotal, tax_rate, tax_amount, total, status, issue_date, due_date) VALUES ('ec6d0317-a9bb-4cd4-b88a-221fc61b7f61', 'INV-2026-618583', '638c030c-c138-453c-adf7-2dc38717c4f6', 'ad00b728-57c3-4d47-acec-edb63685cfed', '11111111-1111-1111-1111-111111111111', 401755, 18, 72315.9, 474070.9, 'paid', '2026-06-02', '2026-06-17');
INSERT INTO invoice_items (invoice_id, description, quantity, unit_price, total) VALUES ('ec6d0317-a9bb-4cd4-b88a-221fc61b7f61', 'Professional Services rendered', 1, 401755, 401755);
INSERT INTO invoices (id, invoice_number, deal_id, company_id, created_by, subtotal, tax_rate, tax_amount, total, status, issue_date, due_date) VALUES ('cca30e6d-ebde-4d29-876c-ac022f381296', 'INV-2026-252637', '2a7014d9-5055-4684-9b15-271f0a5b272a', '29a15303-2bc8-494a-8cbc-952e9c5eb0b1', '11111111-1111-1111-1111-111111111111', 4791751, 18, 862515.1799999999, 5654266.18, 'paid', '2026-05-27', '2026-06-11');
INSERT INTO invoice_items (invoice_id, description, quantity, unit_price, total) VALUES ('cca30e6d-ebde-4d29-876c-ac022f381296', 'Professional Services rendered', 1, 4791751, 4791751);
INSERT INTO invoices (id, invoice_number, deal_id, company_id, created_by, subtotal, tax_rate, tax_amount, total, status, issue_date, due_date) VALUES ('51070b74-1f5b-42b8-988c-751402c3f91c', 'INV-2026-636803', '2a7014d9-5055-4684-9b15-271f0a5b272a', '29a15303-2bc8-494a-8cbc-952e9c5eb0b1', '11111111-1111-1111-1111-111111111111', 4791751, 18, 862515.1799999999, 5654266.18, 'overdue', '2026-05-30', '2026-06-14');
INSERT INTO invoice_items (invoice_id, description, quantity, unit_price, total) VALUES ('51070b74-1f5b-42b8-988c-751402c3f91c', 'Professional Services rendered', 1, 4791751, 4791751);
INSERT INTO invoices (id, invoice_number, deal_id, company_id, created_by, subtotal, tax_rate, tax_amount, total, status, issue_date, due_date) VALUES ('7f7f47dd-d560-4846-b95e-708bbbe9a2a2', 'INV-2026-617664', 'd71f1ba7-0ca8-4c13-9774-5c604a290b37', '11281251-65b5-47a9-9554-cc9faa69fff0', '11111111-1111-1111-1111-111111111111', 1471050, 18, 264789, 1735839, 'paid', '2026-06-09', '2026-06-24');
INSERT INTO invoice_items (invoice_id, description, quantity, unit_price, total) VALUES ('7f7f47dd-d560-4846-b95e-708bbbe9a2a2', 'Professional Services rendered', 1, 1471050, 1471050);
INSERT INTO invoices (id, invoice_number, deal_id, company_id, created_by, subtotal, tax_rate, tax_amount, total, status, issue_date, due_date) VALUES ('cba9608b-9576-45ff-9b47-b965f183da8b', 'INV-2026-561220', '638c030c-c138-453c-adf7-2dc38717c4f6', 'ad00b728-57c3-4d47-acec-edb63685cfed', '11111111-1111-1111-1111-111111111111', 401755, 18, 72315.9, 474070.9, 'paid', '2026-05-28', '2026-06-12');
INSERT INTO invoice_items (invoice_id, description, quantity, unit_price, total) VALUES ('cba9608b-9576-45ff-9b47-b965f183da8b', 'Professional Services rendered', 1, 401755, 401755);
INSERT INTO invoices (id, invoice_number, deal_id, company_id, created_by, subtotal, tax_rate, tax_amount, total, status, issue_date, due_date) VALUES ('e213b374-1399-4799-a126-ec6cf337f313', 'INV-2026-048586', 'd71f1ba7-0ca8-4c13-9774-5c604a290b37', '11281251-65b5-47a9-9554-cc9faa69fff0', '11111111-1111-1111-1111-111111111111', 1471050, 18, 264789, 1735839, 'paid', '2026-06-04', '2026-06-19');
INSERT INTO invoice_items (invoice_id, description, quantity, unit_price, total) VALUES ('e213b374-1399-4799-a126-ec6cf337f313', 'Professional Services rendered', 1, 1471050, 1471050);
INSERT INTO invoices (id, invoice_number, deal_id, company_id, created_by, subtotal, tax_rate, tax_amount, total, status, issue_date, due_date) VALUES ('8b01b749-c13c-4d30-a64e-b53a613adc10', 'INV-2026-382301', '2a7014d9-5055-4684-9b15-271f0a5b272a', '29a15303-2bc8-494a-8cbc-952e9c5eb0b1', '11111111-1111-1111-1111-111111111111', 4791751, 18, 862515.1799999999, 5654266.18, 'draft', '2026-05-27', '2026-06-11');
INSERT INTO invoice_items (invoice_id, description, quantity, unit_price, total) VALUES ('8b01b749-c13c-4d30-a64e-b53a613adc10', 'Professional Services rendered', 1, 4791751, 4791751);
INSERT INTO invoices (id, invoice_number, deal_id, company_id, created_by, subtotal, tax_rate, tax_amount, total, status, issue_date, due_date) VALUES ('84366df7-93d6-4d34-9216-a33648444fa4', 'INV-2026-036837', '2a7014d9-5055-4684-9b15-271f0a5b272a', '29a15303-2bc8-494a-8cbc-952e9c5eb0b1', '11111111-1111-1111-1111-111111111111', 4791751, 18, 862515.1799999999, 5654266.18, 'sent', '2026-06-05', '2026-06-20');
INSERT INTO invoice_items (invoice_id, description, quantity, unit_price, total) VALUES ('84366df7-93d6-4d34-9216-a33648444fa4', 'Professional Services rendered', 1, 4791751, 4791751);
INSERT INTO invoices (id, invoice_number, deal_id, company_id, created_by, subtotal, tax_rate, tax_amount, total, status, issue_date, due_date) VALUES ('d522205c-eb93-4935-82dd-13b6b43eece9', 'INV-2026-059963', 'd71f1ba7-0ca8-4c13-9774-5c604a290b37', '11281251-65b5-47a9-9554-cc9faa69fff0', '11111111-1111-1111-1111-111111111111', 1471050, 18, 264789, 1735839, 'sent', '2026-06-01', '2026-06-16');
INSERT INTO invoice_items (invoice_id, description, quantity, unit_price, total) VALUES ('d522205c-eb93-4935-82dd-13b6b43eece9', 'Professional Services rendered', 1, 1471050, 1471050);
INSERT INTO invoices (id, invoice_number, deal_id, company_id, created_by, subtotal, tax_rate, tax_amount, total, status, issue_date, due_date) VALUES ('5cd8053c-75a1-425c-b10d-f969bca93d7a', 'INV-2026-456783', '2a7014d9-5055-4684-9b15-271f0a5b272a', '29a15303-2bc8-494a-8cbc-952e9c5eb0b1', '11111111-1111-1111-1111-111111111111', 4791751, 18, 862515.1799999999, 5654266.18, 'draft', '2026-05-20', '2026-06-04');
INSERT INTO invoice_items (invoice_id, description, quantity, unit_price, total) VALUES ('5cd8053c-75a1-425c-b10d-f969bca93d7a', 'Professional Services rendered', 1, 4791751, 4791751);
INSERT INTO invoices (id, invoice_number, deal_id, company_id, created_by, subtotal, tax_rate, tax_amount, total, status, issue_date, due_date) VALUES ('6f12b1dc-9122-4076-926b-16c6970f7f75', 'INV-2026-483429', 'd71f1ba7-0ca8-4c13-9774-5c604a290b37', '11281251-65b5-47a9-9554-cc9faa69fff0', '11111111-1111-1111-1111-111111111111', 1471050, 18, 264789, 1735839, 'draft', '2026-05-22', '2026-06-06');
INSERT INTO invoice_items (invoice_id, description, quantity, unit_price, total) VALUES ('6f12b1dc-9122-4076-926b-16c6970f7f75', 'Professional Services rendered', 1, 1471050, 1471050);
INSERT INTO invoices (id, invoice_number, deal_id, company_id, created_by, subtotal, tax_rate, tax_amount, total, status, issue_date, due_date) VALUES ('3209d895-6517-4301-b2ae-3cd07c434769', 'INV-2026-545751', '638c030c-c138-453c-adf7-2dc38717c4f6', 'ad00b728-57c3-4d47-acec-edb63685cfed', '11111111-1111-1111-1111-111111111111', 401755, 18, 72315.9, 474070.9, 'paid', '2026-05-08', '2026-05-23');
INSERT INTO invoice_items (invoice_id, description, quantity, unit_price, total) VALUES ('3209d895-6517-4301-b2ae-3cd07c434769', 'Professional Services rendered', 1, 401755, 401755);
INSERT INTO invoices (id, invoice_number, deal_id, company_id, created_by, subtotal, tax_rate, tax_amount, total, status, issue_date, due_date) VALUES ('99ee0855-1008-4a78-b097-1a082fac4491', 'INV-2026-300950', '2a7014d9-5055-4684-9b15-271f0a5b272a', '29a15303-2bc8-494a-8cbc-952e9c5eb0b1', '11111111-1111-1111-1111-111111111111', 4791751, 18, 862515.1799999999, 5654266.18, 'draft', '2026-05-09', '2026-05-24');
INSERT INTO invoice_items (invoice_id, description, quantity, unit_price, total) VALUES ('99ee0855-1008-4a78-b097-1a082fac4491', 'Professional Services rendered', 1, 4791751, 4791751);
INSERT INTO invoices (id, invoice_number, deal_id, company_id, created_by, subtotal, tax_rate, tax_amount, total, status, issue_date, due_date) VALUES ('a3b11fd5-4209-4e4f-9305-da535172d094', 'INV-2026-495545', '6c889326-922c-49cd-8c7a-34ed906b1680', '7515e3b8-1e62-45ee-ac19-4106fd85d1a7', '11111111-1111-1111-1111-111111111111', 3872021, 18, 696963.78, 4568984.78, 'paid', '2026-06-03', '2026-06-18');
INSERT INTO invoice_items (invoice_id, description, quantity, unit_price, total) VALUES ('a3b11fd5-4209-4e4f-9305-da535172d094', 'Professional Services rendered', 1, 3872021, 3872021);
INSERT INTO invoices (id, invoice_number, deal_id, company_id, created_by, subtotal, tax_rate, tax_amount, total, status, issue_date, due_date) VALUES ('2fa6a226-0fab-445d-9b94-f2a506e97476', 'INV-2026-414144', '638c030c-c138-453c-adf7-2dc38717c4f6', 'ad00b728-57c3-4d47-acec-edb63685cfed', '11111111-1111-1111-1111-111111111111', 401755, 18, 72315.9, 474070.9, 'overdue', '2026-05-15', '2026-05-30');
INSERT INTO invoice_items (invoice_id, description, quantity, unit_price, total) VALUES ('2fa6a226-0fab-445d-9b94-f2a506e97476', 'Professional Services rendered', 1, 401755, 401755);

-- 8. TASKS
INSERT INTO tasks (id, title, assigned_to, lead_id, priority, status, due_date, venture, lead_name) VALUES ('13c329ef-1774-47dd-8cae-cb5e773cece7', 'Discuss pricing', '11111111-1111-1111-1111-111111111111', '82a4a044-0f05-4d24-80c3-e43a0574bafc', 'high', 'pending', '2026-06-19T03:58:04.609Z', 'skill_tank', NULL);
INSERT INTO tasks (id, title, assigned_to, lead_id, priority, status, due_date, venture, lead_name) VALUES ('6efb54f7-fade-473a-998f-3e9ecc9eade5', 'Discuss pricing', '11111111-1111-1111-1111-111111111111', '226f472a-6dcd-4e56-b535-62c997f22653', 'medium', 'completed', '2026-06-22T03:58:04.609Z', 'maceco', NULL);
INSERT INTO tasks (id, title, assigned_to, lead_id, priority, status, due_date, venture, lead_name) VALUES ('5b8525a4-1694-46c7-beed-13c66d75ce62', 'Discuss pricing', '11111111-1111-1111-1111-111111111111', '7c42d825-344c-4a0e-b752-3552bbe099d1', 'high', 'pending', '2026-06-18T03:58:04.609Z', 'promtal', NULL);
INSERT INTO tasks (id, title, assigned_to, lead_id, priority, status, due_date, venture, lead_name) VALUES ('01c05607-839c-47b6-8b39-dea9796724ea', 'Discuss pricing', '11111111-1111-1111-1111-111111111111', '2f493821-a40b-4225-aa9e-6f5c180ef50f', 'high', 'pending', '2026-06-22T03:58:04.609Z', 'skill_tank', NULL);
INSERT INTO tasks (id, title, assigned_to, lead_id, priority, status, due_date, venture, lead_name) VALUES ('985bf7c2-d14b-4924-b0e7-d7d0857fff3a', 'Check-in', '11111111-1111-1111-1111-111111111111', '8c557f45-d565-4b22-a7fa-30594e83122f', 'urgent', 'completed', '2026-06-22T03:58:04.609Z', 'vriddhi', NULL);
INSERT INTO tasks (id, title, assigned_to, lead_id, priority, status, due_date, venture, lead_name) VALUES ('7842f134-d887-440a-9c5a-31d6f94d1c01', 'Send proposal draft', '11111111-1111-1111-1111-111111111111', 'c7442890-11c4-49b3-83f2-6d6a83302b13', 'high', 'pending', '2026-06-21T03:58:04.609Z', 'tobofu', NULL);
INSERT INTO tasks (id, title, assigned_to, lead_id, priority, status, due_date, venture, lead_name) VALUES ('a70f3841-ab91-4745-b2c3-2135c2eab321', 'Discuss pricing', '11111111-1111-1111-1111-111111111111', '41942f0d-d945-453c-81ad-c03da8b5d1f5', 'high', 'in_progress', '2026-06-18T03:58:04.609Z', 'tobofu', NULL);
INSERT INTO tasks (id, title, assigned_to, lead_id, priority, status, due_date, venture, lead_name) VALUES ('cfa865ef-2441-4350-98b4-941451c23b3c', 'Follow up call', '11111111-1111-1111-1111-111111111111', 'fad395ca-8a54-4fd2-9165-54216fdb5fdb', 'high', 'in_progress', '2026-06-18T03:58:04.609Z', 'tobofu', NULL);
INSERT INTO tasks (id, title, assigned_to, lead_id, priority, status, due_date, venture, lead_name) VALUES ('a0683ed3-2d19-4d59-ad50-b1403a216091', 'Schedule demo', '11111111-1111-1111-1111-111111111111', '6a676239-bfe3-4907-bade-4bcb0cea8337', 'urgent', 'completed', '2026-06-23T03:58:04.609Z', 'tobofu', NULL);
INSERT INTO tasks (id, title, assigned_to, lead_id, priority, status, due_date, venture, lead_name) VALUES ('a9011676-1af6-4784-be83-3de0259eaee8', 'Follow up call', '11111111-1111-1111-1111-111111111111', 'edce20ff-2a25-416d-b212-52b06705b210', 'high', 'in_progress', '2026-06-17T03:58:04.609Z', 'saasum', NULL);
INSERT INTO tasks (id, title, assigned_to, lead_id, priority, status, due_date, venture, lead_name) VALUES ('5374ebe8-1158-440d-b94c-49489ae26ded', 'Schedule demo', '11111111-1111-1111-1111-111111111111', '969703c9-27ca-4317-9844-32c1cf04164e', 'urgent', 'completed', '2026-06-28T03:58:04.609Z', 'maceco', NULL);
INSERT INTO tasks (id, title, assigned_to, lead_id, priority, status, due_date, venture, lead_name) VALUES ('2baa91fd-1844-418b-b92c-69bba4159858', 'Discuss pricing', '11111111-1111-1111-1111-111111111111', 'ff2a87d4-c5bb-49eb-b0a0-bf84c3cdf9a3', 'urgent', 'in_progress', '2026-06-20T03:58:04.609Z', 'promtal', NULL);
INSERT INTO tasks (id, title, assigned_to, lead_id, priority, status, due_date, venture, lead_name) VALUES ('8cf7543d-c3f8-46d6-949b-509a999b67f5', 'Check-in', '11111111-1111-1111-1111-111111111111', '5bb2bfcf-ded3-4e3d-a30a-8d7e4b576918', 'high', 'pending', '2026-06-27T03:58:04.609Z', 'skill_tank', NULL);
INSERT INTO tasks (id, title, assigned_to, lead_id, priority, status, due_date, venture, lead_name) VALUES ('9087f539-dceb-47a9-9bd7-d50420479107', 'Discuss pricing', '11111111-1111-1111-1111-111111111111', '5bb2bfcf-ded3-4e3d-a30a-8d7e4b576918', 'medium', 'in_progress', '2026-06-26T03:58:04.609Z', 'skill_tank', NULL);
INSERT INTO tasks (id, title, assigned_to, lead_id, priority, status, due_date, venture, lead_name) VALUES ('0fa221ad-34c7-4600-ade8-d6712cdfccb5', 'Schedule demo', '11111111-1111-1111-1111-111111111111', '0f216b07-866c-4605-8291-dfe813a7429c', 'high', 'pending', '2026-06-30T03:58:04.609Z', 'vriddhi', NULL);
INSERT INTO tasks (id, title, assigned_to, lead_id, priority, status, due_date, venture, lead_name) VALUES ('c96885a5-2b51-4dce-95c1-3c97e6a88df2', 'Check-in', '11111111-1111-1111-1111-111111111111', '30bdb3b1-83a6-4d27-9e7f-f5524039e06c', 'medium', 'pending', '2026-06-28T03:58:04.609Z', 'tobofu', NULL);
INSERT INTO tasks (id, title, assigned_to, lead_id, priority, status, due_date, venture, lead_name) VALUES ('4186d36d-c80b-45f8-81ec-f74183ad21c9', 'Discuss pricing', '11111111-1111-1111-1111-111111111111', '2c3d7164-bb5c-4de4-88f7-87a856fae8ee', 'low', 'completed', '2026-06-19T03:58:04.609Z', 'tobofu', NULL);
INSERT INTO tasks (id, title, assigned_to, lead_id, priority, status, due_date, venture, lead_name) VALUES ('b42d8958-a000-4d47-a967-f3ec82ab95ba', 'Send proposal draft', '11111111-1111-1111-1111-111111111111', 'ba8da9b6-8bb5-40a0-8a10-33483cfcb4e5', 'medium', 'pending', '2026-06-29T03:58:04.609Z', 'saasum', NULL);
INSERT INTO tasks (id, title, assigned_to, lead_id, priority, status, due_date, venture, lead_name) VALUES ('21f2e8d4-cc20-442b-8552-2fe567f88a1f', 'Discuss pricing', '11111111-1111-1111-1111-111111111111', '4a1703bc-2f70-461c-b016-087cbfd63c6b', 'low', 'completed', '2026-06-27T03:58:04.609Z', 'promtal', NULL);
INSERT INTO tasks (id, title, assigned_to, lead_id, priority, status, due_date, venture, lead_name) VALUES ('b1b6ec5f-7ef2-4729-9c27-115d3bcb3b79', 'Discuss pricing', '11111111-1111-1111-1111-111111111111', '4a1703bc-2f70-461c-b016-087cbfd63c6b', 'medium', 'completed', '2026-06-21T03:58:04.609Z', 'promtal', NULL);

-- 9. ACTIVITIES
INSERT INTO activities (lead_id, created_by, type, subject, activity_date) VALUES ('5bb2bfcf-ded3-4e3d-a30a-8d7e4b576918', '11111111-1111-1111-1111-111111111111', 'meeting', 'Meeting regarding requirements', '2026-06-07T03:58:04.609Z');
INSERT INTO activities (lead_id, created_by, type, subject, activity_date) VALUES ('49971d55-78db-4d29-b195-08a5c4863f54', '11111111-1111-1111-1111-111111111111', 'note', 'Note regarding requirements', '2026-06-12T03:58:04.609Z');
INSERT INTO activities (lead_id, created_by, type, subject, activity_date) VALUES ('70062997-7f34-43c5-81ff-b634c552066b', '11111111-1111-1111-1111-111111111111', 'call', 'Call regarding requirements', '2026-06-08T03:58:04.609Z');
INSERT INTO activities (lead_id, created_by, type, subject, activity_date) VALUES ('2adcce47-bb56-406e-9d40-4923dbb34a50', '11111111-1111-1111-1111-111111111111', 'email', 'Email regarding requirements', '2026-05-24T03:58:04.609Z');
INSERT INTO activities (lead_id, created_by, type, subject, activity_date) VALUES ('a1be0056-96bc-42f3-bd0d-63c85daa8cd2', '11111111-1111-1111-1111-111111111111', 'call', 'Call regarding requirements', '2026-05-30T03:58:04.609Z');
INSERT INTO activities (lead_id, created_by, type, subject, activity_date) VALUES ('27c47e08-0bf6-40ef-9836-fd66af8a52f1', '11111111-1111-1111-1111-111111111111', 'note', 'Note regarding requirements', '2026-06-19T03:58:04.609Z');
INSERT INTO activities (lead_id, created_by, type, subject, activity_date) VALUES ('1612c4b0-07a7-4e26-87d9-376820e742b6', '11111111-1111-1111-1111-111111111111', 'email', 'Email regarding requirements', '2026-06-18T03:58:04.609Z');
INSERT INTO activities (lead_id, created_by, type, subject, activity_date) VALUES ('fd8f2834-7c58-4e4f-970b-7a19caead0d4', '11111111-1111-1111-1111-111111111111', 'email', 'Email regarding requirements', '2026-05-29T03:58:04.609Z');
INSERT INTO activities (lead_id, created_by, type, subject, activity_date) VALUES ('2f2b3d54-3720-40a6-b02d-31df32fbda63', '11111111-1111-1111-1111-111111111111', 'email', 'Email regarding requirements', '2026-06-14T03:58:04.609Z');
INSERT INTO activities (lead_id, created_by, type, subject, activity_date) VALUES ('28cf79a9-648b-4e5d-9a22-be6e61fb3a58', '11111111-1111-1111-1111-111111111111', 'email', 'Email regarding requirements', '2026-06-18T03:58:04.609Z');
INSERT INTO activities (lead_id, created_by, type, subject, activity_date) VALUES ('70062997-7f34-43c5-81ff-b634c552066b', '11111111-1111-1111-1111-111111111111', 'meeting', 'Meeting regarding requirements', '2026-06-08T03:58:04.609Z');
INSERT INTO activities (lead_id, created_by, type, subject, activity_date) VALUES ('edce20ff-2a25-416d-b212-52b06705b210', '11111111-1111-1111-1111-111111111111', 'note', 'Note regarding requirements', '2026-06-16T03:58:04.609Z');
INSERT INTO activities (lead_id, created_by, type, subject, activity_date) VALUES ('8a549722-bee3-45b1-a7ea-4defa8e95495', '11111111-1111-1111-1111-111111111111', 'call', 'Call regarding requirements', '2026-05-26T03:58:04.609Z');
INSERT INTO activities (lead_id, created_by, type, subject, activity_date) VALUES ('fad395ca-8a54-4fd2-9165-54216fdb5fdb', '11111111-1111-1111-1111-111111111111', 'email', 'Email regarding requirements', '2026-05-28T03:58:04.609Z');
INSERT INTO activities (lead_id, created_by, type, subject, activity_date) VALUES ('d1cdcf79-fcec-4bbd-b3b6-558be9c303af', '11111111-1111-1111-1111-111111111111', 'meeting', 'Meeting regarding requirements', '2026-06-05T03:58:04.609Z');
INSERT INTO activities (lead_id, created_by, type, subject, activity_date) VALUES ('c885f361-f639-47e6-8c2e-f2f45e557620', '11111111-1111-1111-1111-111111111111', 'call', 'Call regarding requirements', '2026-06-10T03:58:04.609Z');
INSERT INTO activities (lead_id, created_by, type, subject, activity_date) VALUES ('30bdb3b1-83a6-4d27-9e7f-f5524039e06c', '11111111-1111-1111-1111-111111111111', 'call', 'Call regarding requirements', '2026-05-22T03:58:04.609Z');
INSERT INTO activities (lead_id, created_by, type, subject, activity_date) VALUES ('9e5b57c3-b0db-4ad0-a493-c42eb5395e72', '11111111-1111-1111-1111-111111111111', 'meeting', 'Meeting regarding requirements', '2026-06-19T03:58:04.609Z');
INSERT INTO activities (lead_id, created_by, type, subject, activity_date) VALUES ('edce20ff-2a25-416d-b212-52b06705b210', '11111111-1111-1111-1111-111111111111', 'email', 'Email regarding requirements', '2026-06-16T03:58:04.609Z');
INSERT INTO activities (lead_id, created_by, type, subject, activity_date) VALUES ('a62d6da3-108f-4600-b0bc-920eba756713', '11111111-1111-1111-1111-111111111111', 'call', 'Call regarding requirements', '2026-05-23T03:58:04.609Z');
INSERT INTO activities (lead_id, created_by, type, subject, activity_date) VALUES ('a1262ab0-b754-48c8-83d6-f09609f76f9e', '11111111-1111-1111-1111-111111111111', 'email', 'Email regarding requirements', '2026-06-05T03:58:04.609Z');
INSERT INTO activities (lead_id, created_by, type, subject, activity_date) VALUES ('01f0d5f8-b600-4b37-a339-976a7af3092d', '11111111-1111-1111-1111-111111111111', 'call', 'Call regarding requirements', '2026-05-26T03:58:04.609Z');
INSERT INTO activities (lead_id, created_by, type, subject, activity_date) VALUES ('a429c912-1457-4b22-aa0c-c4e04009442e', '11111111-1111-1111-1111-111111111111', 'email', 'Email regarding requirements', '2026-05-30T03:58:04.609Z');
INSERT INTO activities (lead_id, created_by, type, subject, activity_date) VALUES ('9d1de007-00b7-40be-9da8-43d5a97fe977', '11111111-1111-1111-1111-111111111111', 'call', 'Call regarding requirements', '2026-06-18T03:58:04.609Z');
INSERT INTO activities (lead_id, created_by, type, subject, activity_date) VALUES ('49971d55-78db-4d29-b195-08a5c4863f54', '11111111-1111-1111-1111-111111111111', 'meeting', 'Meeting regarding requirements', '2026-05-25T03:58:04.609Z');
INSERT INTO activities (lead_id, created_by, type, subject, activity_date) VALUES ('798efe2b-14d6-4c6d-9fb2-075279ee7ecc', '11111111-1111-1111-1111-111111111111', 'note', 'Note regarding requirements', '2026-05-24T03:58:04.609Z');
INSERT INTO activities (lead_id, created_by, type, subject, activity_date) VALUES ('2f493821-a40b-4225-aa9e-6f5c180ef50f', '11111111-1111-1111-1111-111111111111', 'call', 'Call regarding requirements', '2026-05-26T03:58:04.609Z');
INSERT INTO activities (lead_id, created_by, type, subject, activity_date) VALUES ('0f216b07-866c-4605-8291-dfe813a7429c', '11111111-1111-1111-1111-111111111111', 'call', 'Call regarding requirements', '2026-06-01T03:58:04.609Z');
INSERT INTO activities (lead_id, created_by, type, subject, activity_date) VALUES ('e3bb2b45-e92f-4341-9a3b-81efaab8f8d3', '11111111-1111-1111-1111-111111111111', 'email', 'Email regarding requirements', '2026-06-03T03:58:04.609Z');
INSERT INTO activities (lead_id, created_by, type, subject, activity_date) VALUES ('a5346f6b-397a-4dff-bf0a-497219283787', '11111111-1111-1111-1111-111111111111', 'call', 'Call regarding requirements', '2026-06-09T03:58:04.609Z');
INSERT INTO activities (lead_id, created_by, type, subject, activity_date) VALUES ('32c13759-360c-4ab9-b7a1-f3a4d57a750e', '11111111-1111-1111-1111-111111111111', 'meeting', 'Meeting regarding requirements', '2026-05-23T03:58:04.609Z');
INSERT INTO activities (lead_id, created_by, type, subject, activity_date) VALUES ('b4f07e43-b328-473f-ba9c-0bd4bd4cd297', '11111111-1111-1111-1111-111111111111', 'meeting', 'Meeting regarding requirements', '2026-06-17T03:58:04.609Z');
INSERT INTO activities (lead_id, created_by, type, subject, activity_date) VALUES ('d117cf26-1fc8-46d3-820a-0109083a9f87', '11111111-1111-1111-1111-111111111111', 'email', 'Email regarding requirements', '2026-05-27T03:58:04.609Z');
INSERT INTO activities (lead_id, created_by, type, subject, activity_date) VALUES ('74146e01-e257-4b0b-a3fa-645ceef7107e', '11111111-1111-1111-1111-111111111111', 'email', 'Email regarding requirements', '2026-05-25T03:58:04.609Z');
INSERT INTO activities (lead_id, created_by, type, subject, activity_date) VALUES ('332ebc9c-bf7c-441d-87bc-eb3b6aa48129', '11111111-1111-1111-1111-111111111111', 'call', 'Call regarding requirements', '2026-06-19T03:58:04.609Z');
INSERT INTO activities (lead_id, created_by, type, subject, activity_date) VALUES ('70062997-7f34-43c5-81ff-b634c552066b', '11111111-1111-1111-1111-111111111111', 'meeting', 'Meeting regarding requirements', '2026-06-07T03:58:04.609Z');
INSERT INTO activities (lead_id, created_by, type, subject, activity_date) VALUES ('70062997-7f34-43c5-81ff-b634c552066b', '11111111-1111-1111-1111-111111111111', 'note', 'Note regarding requirements', '2026-06-03T03:58:04.609Z');
INSERT INTO activities (lead_id, created_by, type, subject, activity_date) VALUES ('7c42d825-344c-4a0e-b752-3552bbe099d1', '11111111-1111-1111-1111-111111111111', 'meeting', 'Meeting regarding requirements', '2026-05-31T03:58:04.609Z');
INSERT INTO activities (lead_id, created_by, type, subject, activity_date) VALUES ('fe4be930-2329-4bf9-8b62-eac2bb835cc2', '11111111-1111-1111-1111-111111111111', 'meeting', 'Meeting regarding requirements', '2026-05-23T03:58:04.609Z');
INSERT INTO activities (lead_id, created_by, type, subject, activity_date) VALUES ('49971d55-78db-4d29-b195-08a5c4863f54', '11111111-1111-1111-1111-111111111111', 'meeting', 'Meeting regarding requirements', '2026-06-12T03:58:04.609Z');
INSERT INTO activities (lead_id, created_by, type, subject, activity_date) VALUES ('a62d6da3-108f-4600-b0bc-920eba756713', '11111111-1111-1111-1111-111111111111', 'call', 'Call regarding requirements', '2026-06-03T03:58:04.609Z');
INSERT INTO activities (lead_id, created_by, type, subject, activity_date) VALUES ('9d1de007-00b7-40be-9da8-43d5a97fe977', '11111111-1111-1111-1111-111111111111', 'meeting', 'Meeting regarding requirements', '2026-05-25T03:58:04.609Z');
INSERT INTO activities (lead_id, created_by, type, subject, activity_date) VALUES ('a1be0056-96bc-42f3-bd0d-63c85daa8cd2', '11111111-1111-1111-1111-111111111111', 'call', 'Call regarding requirements', '2026-06-07T03:58:04.609Z');
INSERT INTO activities (lead_id, created_by, type, subject, activity_date) VALUES ('a046ec82-e48d-43f2-b229-aa03aaf7e344', '11111111-1111-1111-1111-111111111111', 'email', 'Email regarding requirements', '2026-06-03T03:58:04.609Z');
INSERT INTO activities (lead_id, created_by, type, subject, activity_date) VALUES ('0398205f-8ce7-4645-9243-aeb877849e77', '11111111-1111-1111-1111-111111111111', 'note', 'Note regarding requirements', '2026-06-16T03:58:04.609Z');
INSERT INTO activities (lead_id, created_by, type, subject, activity_date) VALUES ('c7442890-11c4-49b3-83f2-6d6a83302b13', '11111111-1111-1111-1111-111111111111', 'call', 'Call regarding requirements', '2026-06-06T03:58:04.609Z');
INSERT INTO activities (lead_id, created_by, type, subject, activity_date) VALUES ('fe4be930-2329-4bf9-8b62-eac2bb835cc2', '11111111-1111-1111-1111-111111111111', 'email', 'Email regarding requirements', '2026-05-26T03:58:04.609Z');
INSERT INTO activities (lead_id, created_by, type, subject, activity_date) VALUES ('49971d55-78db-4d29-b195-08a5c4863f54', '11111111-1111-1111-1111-111111111111', 'meeting', 'Meeting regarding requirements', '2026-06-02T03:58:04.609Z');
INSERT INTO activities (lead_id, created_by, type, subject, activity_date) VALUES ('fe4be930-2329-4bf9-8b62-eac2bb835cc2', '11111111-1111-1111-1111-111111111111', 'note', 'Note regarding requirements', '2026-06-09T03:58:04.609Z');
INSERT INTO activities (lead_id, created_by, type, subject, activity_date) VALUES ('fad395ca-8a54-4fd2-9165-54216fdb5fdb', '11111111-1111-1111-1111-111111111111', 'meeting', 'Meeting regarding requirements', '2026-06-11T03:58:04.609Z');
